Filename,IFA,Precision_0.5,Recall,F1,MAP,AUC,G_Measure,MCC,PofB10,PofB15,PofB20,PofB25,PofB30,PofB35,PofB40,PofB45,PofB50,PofB55,PofB60,PofB65,PofB70,PofB75,PofB80,PofB85,PofB90,PofB95,PofB100,Average_Pofb,Npofb10,Npofb15,Npofb20,Npofb25,Npofb30,Npofb35,Npofb40,Npofb45,Npofb50,Npofb55,Npofb60,Npofb65,Npofb70,Npofb75,Npofb80,Npofb85,Npofb90,Npofb95,Npofb100,avgNPofB,Popt10,Popt15,Popt20,Popt25,Popt30,Popt35,Popt40,Popt45,Popt50,Popt55,Popt60,Popt65,Popt70,Popt75,Popt80,Popt85,Popt90,Popt95,Popt100,avgNpopt,
BOOKKEEPER_RandomForest-SMOTEBestFirst4.csv,0,0.3142857142857143,0.3793103448275862,0.34375,0.25127409686147456,0.8276852952833929,0.5390199637023593,0.2849614140875866,0.1724137931034483,0.3448275862068966,0.41379310344827586,0.5862068965517241,0.6896551724137931,0.6896551724137931,0.7241379310344828,0.7931034482758621,0.7931034482758621,0.7931034482758621,0.8275862068965517,0.8275862068965517,0.8275862068965517,0.8275862068965517,0.8620689655172413,0.9310344827586207,0.9655172413793104,0.9655172413793104,1.0,0.6976562094892406,0.1724137931034483,0.3448275862068966,0.41379310344827586,0.5862068965517241,0.6896551724137931,0.6896551724137931,0.7241379310344828,0.7931034482758621,0.7931034482758621,0.7931034482758621,0.8275862068965517,0.8275862068965517,0.8275862068965517,0.8275862068965517,0.8620689655172413,0.9310344827586207,0.9655172413793104,0.9655172413793104,1.0,0.7294529427015817,0.20000000000000007,0.3448275862068966,0.4137931034482758,0.5862068965517241,0.6896551724137931,0.6896551724137931,0.7241379310344828,0.7931034482758621,0.7931034482758621,0.7931034482758621,0.8275862068965517,0.8275862068965517,0.8275862068965517,0.8275862068965517,0.8620689655172413,0.9310344827586207,0.9285714285714286,0.8000000000000003,1,0.7386569872958257,
BOOKKEEPER_RandomForest-SMOTE4.csv,2,0.325,0.4482758620689655,0.37681159420289856,0.2329311254620852,0.8456202933016251,0.6033398395142052,0.32074075057609797,0.20689655172413793,0.3793103448275862,0.4482758620689655,0.5517241379310345,0.7241379310344828,0.7586206896551724,0.7586206896551724,0.7586206896551724,0.8275862068965517,0.8275862068965517,0.8275862068965517,0.8275862068965517,0.8275862068965517,0.8275862068965517,0.896551724137931,0.9310344827586207,0.9655172413793104,0.9655172413793104,1.0,0.7285092040445943,0.20689655172413793,0.3793103448275862,0.4482758620689655,0.5517241379310345,0.7241379310344828,0.7586206896551724,0.7586206896551724,0.7586206896551724,0.8275862068965517,0.8275862068965517,0.8275862068965517,0.8275862068965517,0.8275862068965517,0.8275862068965517,0.896551724137931,0.9310344827586207,0.9655172413793104,0.9655172413793104,1.0,0.7442623800881515,0.24,0.3793103448275862,0.4482758620689655,0.5517241379310345,0.7241379310344828,0.7586206896551724,0.7586206896551724,0.7586206896551724,0.8275862068965517,0.8275862068965517,0.8275862068965517,0.8275862068965517,0.8275862068965517,0.8275862068965517,0.896551724137931,0.9310344827586207,0.9285714285714286,0.8000000000000003,1,0.7531760435571687,
BOOKKEEPER_RandomForest5.csv,1,0,0.0,0.0,0.19524441495244413,0.9434182838438159,0.0,0,0.2978723404255319,0.5106382978723404,0.6170212765957447,0.723404255319149,0.7659574468085106,0.8297872340425532,0.851063829787234,0.851063829787234,0.8936170212765957,0.9361702127659575,0.9361702127659575,1.0,1.0,1.0,1.0,1.0,1.0,1.0,1.0,0.8509716258095122,0.2978723404255319,0.5106382978723404,0.6170212765957447,0.723404255319149,0.7659574468085106,0.8297872340425532,0.851063829787234,0.851063829787234,0.8936170212765957,0.9361702127659575,0.9361702127659575,1.0,1.0,1.0,1.0,1.0,1.0,1.0,1.0,0.860040696442686,0.3783783783783784,0.5581395348837208,0.6170212765957447,0.723404255319149,0.7659574468085106,0.8297872340425532,0.851063829787234,0.851063829787234,0.8936170212765957,0.9361702127659575,0.9361702127659575,1.0,1.0,1.0,1.0,1.0,1.0,1.0,1,0.8533034714445689,
BOOKKEEPER_RandomForest-CostSensitiveBestFirst6.csv,1,0.4444444444444444,0.14285714285714285,0.21621621621621623,0.15794020199713155,0.8566044508255563,0.24960304858685295,0.22452090414286108,0.17857142857142858,0.32142857142857145,0.42857142857142855,0.5714285714285714,0.6071428571428571,0.6785714285714286,0.7142857142857143,0.7857142857142857,0.7857142857142857,0.8571428571428571,0.8928571428571429,0.9285714285714286,0.9642857142857143,1.0,1.0,1.0,1.0,1.0,1.0,0.7640254482359745,0.17857142857142858,0.32142857142857145,0.42857142857142855,0.5714285714285714,0.6071428571428571,0.6785714285714286,0.7142857142857143,0.7857142857142857,0.7857142857142857,0.8571428571428571,0.8928571428571429,0.9285714285714286,0.9642857142857143,1.0,1.0,1.0,1.0,1.0,1.0,0.775159051474841,0.1923076923076923,0.3214285714285714,0.4285714285714286,0.5714285714285714,0.6071428571428571,0.6785714285714286,0.7142857142857143,0.7857142857142857,0.7857142857142857,0.8571428571428571,0.8928571428571429,0.9285714285714286,0.9642857142857143,1.0,1.0,1.0,1.0,1.0,1,0.7744360902255639,
BOOKKEEPER_RandomForest4.csv,2,0.34615384615384615,0.3103448275862069,0.32727272727272727,0.24345899800445256,0.8443321442726914,0.4679915167700888,0.27498597046143514,0.1724137931034483,0.27586206896551724,0.4482758620689655,0.6206896551724138,0.6896551724137931,0.7241379310344828,0.7586206896551724,0.7586206896551724,0.8275862068965517,0.8275862068965517,0.8275862068965517,0.8275862068965517,0.8275862068965517,0.8275862068965517,0.896551724137931,0.9310344827586207,0.9655172413793104,0.9655172413793104,1.0,0.7188540316308011,0.1724137931034483,0.27586206896551724,0.4482758620689655,0.6206896551724138,0.6896551724137931,0.7241379310344828,0.7586206896551724,0.7586206896551724,0.8275862068965517,0.8275862068965517,0.8275862068965517,0.8275862068965517,0.8275862068965517,0.8275862068965517,0.896551724137931,0.9310344827586207,0.9655172413793104,0.9655172413793104,1.0,0.736712470832253,0.20000000000000007,0.27586206896551724,0.4482758620689655,0.6206896551724138,0.6896551724137931,0.7241379310344828,0.7586206896551724,0.7586206896551724,0.8275862068965517,0.8275862068965517,0.8275862068965517,0.8275862068965517,0.8275862068965517,0.8275862068965517,0.896551724137931,0.9310344827586207,0.9285714285714286,0.8000000000000003,1,0.7459165154264972,
BOOKKEEPER_RandomForest-SMOTE5.csv,0,0,0.0,0.0,0.2088086285166577,0.9411386485854567,0.0,0,0.2978723404255319,0.48936170212765956,0.5957446808510638,0.6595744680851063,0.7021276595744681,0.723404255319149,0.7872340425531915,0.7872340425531915,0.8297872340425532,0.9148936170212766,0.9148936170212766,0.9787234042553191,0.9787234042553191,1.0,1.0,1.0,1.0,1.0,1.0,0.8317425214479826,0.2978723404255319,0.48936170212765956,0.5957446808510638,0.6595744680851063,0.7021276595744681,0.723404255319149,0.7872340425531915,0.7872340425531915,0.8297872340425532,0.9148936170212766,0.9148936170212766,0.9787234042553191,0.9787234042553191,1.0,1.0,1.0,1.0,1.0,1.0,0.8308211855179225,0.3783783783783784,0.5348837209302326,0.5957446808510638,0.6595744680851063,0.7021276595744681,0.723404255319149,0.7872340425531915,0.7872340425531915,0.8297872340425532,0.9148936170212766,0.9148936170212766,0.9787234042553191,0.9787234042553191,1.0,1.0,1.0,1.0,1.0,1,0.8241881298992162,
BOOKKEEPER_RandomForest-SMOTEBestFirst5.csv,2,0,0.0,0.0,0.05585047555850475,0.9432429272854803,0.0,0,0.3617021276595745,0.48936170212765956,0.574468085106383,0.6382978723404256,0.7021276595744681,0.7021276595744681,0.7021276595744681,0.7659574468085106,0.8085106382978723,0.851063829787234,0.9148936170212766,0.9361702127659575,0.9361702127659575,1.0,1.0,1.0,1.0,1.0,1.0,0.8100591020458726,0.3617021276595745,0.48936170212765956,0.574468085106383,0.6382978723404256,0.7021276595744681,0.7021276595744681,0.7021276595744681,0.7659574468085106,0.8085106382978723,0.851063829787234,0.9148936170212766,0.9361702127659575,0.9361702127659575,1.0,1.0,1.0,1.0,1.0,1.0,0.8171714775793006,0.45945945945945943,0.5348837209302326,0.574468085106383,0.6382978723404256,0.7021276595744681,0.7021276595744681,0.7021276595744681,0.7659574468085106,0.8085106382978723,0.851063829787234,0.9148936170212766,0.9361702127659575,0.9361702127659575,1.0,1.0,1.0,1.0,1.0,1,0.8096304591265399,
BOOKKEEPER_Ibk-SMOTEBestFirst6.csv,3,0.2857142857142857,0.07142857142857142,0.11428571428571428,0.2300012194378391,0.9696697774587222,0.13322033898305083,0.11474327891835581,0.21428571428571427,0.35714285714285715,0.39285714285714285,0.5,0.6071428571428571,0.6428571428571429,0.6785714285714286,0.6785714285714286,0.75,0.7857142857142857,0.8214285714285714,0.8928571428571429,0.9642857142857143,1.0,1.0,1.0,1.0,1.0,1.0,0.7581935608251398,0.21428571428571427,0.35714285714285715,0.39285714285714285,0.5,0.6071428571428571,0.6428571428571429,0.6785714285714286,0.6785714285714286,0.75,0.7857142857142857,0.8214285714285714,0.8928571428571429,0.9642857142857143,1.0,1.0,1.0,1.0,1.0,1.0,0.7527472527472527,0.23076923076923073,0.3571428571428572,0.3928571428571428,0.5,0.6071428571428571,0.6428571428571429,0.6785714285714286,0.6785714285714286,0.75,0.7857142857142857,0.8214285714285714,0.8928571428571429,0.9642857142857143,1.0,1.0,1.0,1.0,1.0,1,0.7518796992481203,
BOOKKEEPER_Ibk-SMOTEBestFirst4.csv,8,0.3333333333333333,0.41379310344827586,0.36923076923076925,0.2691133416637988,0.905667855727309,0.572944297082228,0.31265269974036125,0.27586206896551724,0.3448275862068966,0.4827586206896552,0.5517241379310345,0.6206896551724138,0.6551724137931034,0.7241379310344828,0.7241379310344828,0.7241379310344828,0.7586206896551724,0.8275862068965517,0.896551724137931,0.896551724137931,1.0,1.0,1.0,1.0,1.0,1.0,0.74160746694322,0.27586206896551724,0.3448275862068966,0.4827586206896552,0.5517241379310345,0.6206896551724138,0.6551724137931034,0.7241379310344828,0.7241379310344828,0.7241379310344828,0.7586206896551724,0.8275862068965517,0.896551724137931,0.896551724137931,1.0,1.0,1.0,1.0,1.0,1.0,0.764573502722323,0.32000000000000006,0.3448275862068966,0.48275862068965525,0.5517241379310345,0.6206896551724138,0.6551724137931034,0.7241379310344828,0.7241379310344828,0.7241379310344828,0.7586206896551724,0.8275862068965517,0.896551724137931,0.896551724137931,1.0,1.0,1.0,1.0,1.0,1,0.7622504537205081,
BOOKKEEPER_Ibk-BestFirst2.csv,62,0,0.0,0.0,0.016680567139282735,1.0,0.0,0,0.05084745762711865,0.11864406779661017,0.2033898305084746,0.3389830508474576,0.423728813559322,0.4745762711864407,0.576271186440678,0.6271186440677966,0.711864406779661,0.7627118644067796,0.8305084745762712,0.8983050847457628,0.8983050847457628,0.9661016949152542,0.9830508474576272,0.9830508474576272,0.9830508474576272,0.9830508474576272,1.0,0.3932441951699967,0.05084745762711865,0.11864406779661017,0.2033898305084746,0.3389830508474576,0.423728813559322,0.4745762711864407,0.576271186440678,0.6271186440677966,0.711864406779661,0.7627118644067796,0.8305084745762712,0.8983050847457628,0.8983050847457628,0.9661016949152542,0.9830508474576272,0.9830508474576272,0.9830508474576272,0.9830508474576272,1.0,0.57290135038469,0.08108108108108103,0.15555555555555556,0.23529411764705888,0.36363636363636365,0.423728813559322,0.4666666666666668,0.5666666666666667,0.6166666666666667,0.7,0.75,0.8166666666666667,0.8833333333333334,0.8727272727272728,0.9090909090909092,0.9090909090909094,0.8571428571428574,0.7777777777777782,0.5000000000000009,0.0,0.6743978590544156,
BOOKKEEPER_RandomForest6.csv,0,0,0.0,0.0,0.15184301400690645,0.8887293610911703,0.0,0,0.21428571428571427,0.2857142857142857,0.32142857142857145,0.5357142857142857,0.5714285714285714,0.5714285714285714,0.6785714285714286,0.7142857142857143,0.8214285714285714,0.8571428571428571,0.8928571428571429,0.9285714285714286,0.9642857142857143,1.0,1.0,1.0,1.0,1.0,1.0,0.762434933487565,0.21428571428571427,0.2857142857142857,0.32142857142857145,0.5357142857142857,0.5714285714285714,0.5714285714285714,0.6785714285714286,0.7142857142857143,0.8214285714285714,0.8571428571428571,0.8928571428571429,0.9285714285714286,0.9642857142857143,1.0,1.0,1.0,1.0,1.0,1.0,0.7565066512434934,0.23076923076923073,0.2857142857142857,0.3214285714285714,0.5357142857142857,0.5714285714285714,0.5714285714285714,0.6785714285714286,0.7142857142857143,0.8214285714285714,0.8571428571428571,0.8928571428571429,0.9285714285714286,0.9642857142857143,1.0,1.0,1.0,1.0,1.0,1,0.7556390977443609,
BOOKKEEPER_RandomForest-CostSensitiveBestFirst5.csv,1,0,0.0,0.0,0.0103959301039593,0.9630582183773673,0.0,0,0.2765957446808511,0.425531914893617,0.46808510638297873,0.574468085106383,0.6382978723404256,0.6595744680851063,0.723404255319149,0.7872340425531915,0.851063829787234,0.8723404255319149,0.9361702127659575,0.9574468085106383,0.9574468085106383,1.0,1.0,1.0,1.0,1.0,1.0,0.8036329774916717,0.2765957446808511,0.425531914893617,0.46808510638297873,0.574468085106383,0.6382978723404256,0.6595744680851063,0.723404255319149,0.7872340425531915,0.851063829787234,0.8723404255319149,0.9361702127659575,0.9574468085106383,0.9574468085106383,1.0,1.0,1.0,1.0,1.0,1.0,0.8022105023849861,0.3513513513513513,0.4651162790697675,0.46808510638297873,0.574468085106383,0.6382978723404256,0.6595744680851063,0.723404255319149,0.7872340425531915,0.851063829787234,0.8723404255319149,0.9361702127659575,0.9574468085106383,0.9574468085106383,1.0,1.0,1.0,1.0,1.0,1,0.7961926091825309,
BOOKKEEPER_RandomForest-CostSensitiveBestFirst4.csv,6,0.17475728155339806,0.6206896551724138,0.2727272727272727,0.14947744657442133,0.7522790328973447,0.6815923979555107,0.2251058486394298,0.13793103448275862,0.27586206896551724,0.3448275862068966,0.41379310344827586,0.5862068965517241,0.6551724137931034,0.7586206896551724,0.7586206896551724,0.7931034482758621,0.7931034482758621,0.8275862068965517,0.896551724137931,0.896551724137931,0.9310344827586207,0.9310344827586207,0.9310344827586207,0.9310344827586207,0.9655172413793104,1.0,0.6533886440238529,0.13793103448275862,0.27586206896551724,0.3448275862068966,0.41379310344827586,0.5862068965517241,0.6551724137931034,0.7586206896551724,0.7586206896551724,0.7931034482758621,0.7931034482758621,0.8275862068965517,0.896551724137931,0.896551724137931,0.9310344827586207,0.9310344827586207,0.9310344827586207,0.9310344827586207,0.9655172413793104,1.0,0.7163287529167748,0.16000000000000003,0.27586206896551724,0.3448275862068966,0.4137931034482758,0.5862068965517241,0.6551724137931034,0.7586206896551724,0.7586206896551724,0.7931034482758621,0.7931034482758621,0.8275862068965517,0.896551724137931,0.896551724137931,0.9310344827586207,0.9310344827586207,0.9310344827586207,0.8571428571428571,0.8000000000000003,1,0.7277676950998185,
BOOKKEEPER_RandomForest-SMOTE6.csv,0,1.0,0.03571428571428571,0.06896551724137931,0.2079742268226112,0.8897164393395552,0.0689655172413793,0.18288077578373432,0.21428571428571427,0.2857142857142857,0.42857142857142855,0.5357142857142857,0.6428571428571429,0.6428571428571429,0.7142857142857143,0.75,0.8571428571428571,0.8571428571428571,0.9285714285714286,0.9642857142857143,0.9642857142857143,1.0,1.0,1.0,1.0,1.0,1.0,0.7849913244650086,0.21428571428571427,0.2857142857142857,0.42857142857142855,0.5357142857142857,0.6428571428571429,0.6428571428571429,0.7142857142857143,0.75,0.8571428571428571,0.8571428571428571,0.9285714285714286,0.9642857142857143,0.9642857142857143,1.0,1.0,1.0,1.0,1.0,1.0,0.7790630422209369,0.23076923076923073,0.2857142857142857,0.4285714285714286,0.5357142857142857,0.6428571428571429,0.6428571428571429,0.7142857142857143,0.75,0.8571428571428571,0.8571428571428571,0.9285714285714286,0.9642857142857143,0.9642857142857143,1.0,1.0,1.0,1.0,1.0,1,0.7781954887218044,
BOOKKEEPER_Ibk-BestFirst3.csv,2,0.23333333333333334,0.175,0.2,0.17431704745181928,0.8749213836477988,0.294453158420077,0.11673526460479754,0.175,0.2,0.25,0.275,0.4,0.5,0.575,0.625,0.725,0.8,0.85,0.9,0.975,1.0,1.0,1.0,1.0,1.0,1.0,0.6598312002576975,0.175,0.2,0.25,0.275,0.4,0.5,0.575,0.625,0.725,0.8,0.85,0.9,0.975,1.0,1.0,1.0,1.0,1.0,1.0,0.7023658283640135,0.2413793103448275,0.22857142857142854,0.25,0.275,0.4,0.5,0.575,0.625,0.725,0.8,0.85,0.9,0.975,1.0,1.0,1.0,1.0,1.0,1,0.6973684210526315,
BOOKKEEPER_RandomForest-SMOTEBestFirst6.csv,0,1.0,0.03571428571428571,0.06896551724137931,0.30349590656889,0.8891780330222542,0.0689655172413793,0.18288077578373432,0.2857142857142857,0.35714285714285715,0.4642857142857143,0.5357142857142857,0.6071428571428571,0.6071428571428571,0.75,0.7857142857142857,0.8214285714285714,0.8571428571428571,0.8928571428571429,0.9642857142857143,0.9642857142857143,1.0,1.0,1.0,1.0,1.0,1.0,0.7809427414690573,0.2857142857142857,0.35714285714285715,0.4642857142857143,0.5357142857142857,0.6071428571428571,0.6071428571428571,0.75,0.7857142857142857,0.8214285714285714,0.8571428571428571,0.8928571428571429,0.9642857142857143,0.9642857142857143,1.0,1.0,1.0,1.0,1.0,1.0,0.7849913244650086,0.3076923076923077,0.3571428571428572,0.4642857142857143,0.5357142857142857,0.6071428571428571,0.6071428571428571,0.75,0.7857142857142857,0.8214285714285714,0.8571428571428571,0.8928571428571429,0.9642857142857143,0.9642857142857143,1.0,1.0,1.0,1.0,1.0,1,0.7838345864661654,
BOOKKEEPER_Ibk-SMOTEBestFirst5.csv,32,0,0.0,0.0,0.0103959301039593,1.0,0.0,0,0.1702127659574468,0.2553191489361702,0.3617021276595745,0.3829787234042553,0.46808510638297873,0.5319148936170213,0.574468085106383,0.6595744680851063,0.723404255319149,0.8085106382978723,0.8297872340425532,0.8936170212765957,0.9361702127659575,0.9787234042553191,1.0,1.0,1.0,1.0,1.0,0.6305239437225438,0.1702127659574468,0.2553191489361702,0.3617021276595745,0.3829787234042553,0.46808510638297873,0.5319148936170213,0.574468085106383,0.6595744680851063,0.723404255319149,0.8085106382978723,0.8297872340425532,0.8936170212765957,0.9361702127659575,0.9787234042553191,1.0,1.0,1.0,1.0,1.0,0.7181169554668865,0.21621621621621623,0.2790697674418605,0.36170212765957444,0.3829787234042553,0.46808510638297873,0.5319148936170213,0.574468085106383,0.6595744680851063,0.723404255319149,0.8085106382978723,0.8297872340425532,0.8936170212765957,0.9361702127659575,0.9787234042553191,1.0,1.0,1.0,1.0,1,0.7144456886898096,
BOOKKEEPER_RandomForest-SMOTEBestFirst2.csv,4,0,0.0,0.0,0.0530442035029191,0.8076154806491886,0.0,0,0.11864406779661017,0.2033898305084746,0.23728813559322035,0.288135593220339,0.3220338983050847,0.3559322033898305,0.3559322033898305,0.3559322033898305,0.3559322033898305,0.3559322033898305,0.4067796610169492,0.423728813559322,0.5084745762711864,0.5932203389830508,0.711864406779661,0.7627118644067796,0.847457627118644,0.9322033898305084,1.0,0.1550685264779823,0.11864406779661017,0.2033898305084746,0.23728813559322035,0.288135593220339,0.3220338983050847,0.3559322033898305,0.3559322033898305,0.3559322033898305,0.3559322033898305,0.3559322033898305,0.4067796610169492,0.423728813559322,0.5084745762711864,0.5932203389830508,0.711864406779661,0.7627118644067796,0.847457627118644,0.9322033898305084,1.0,0.25299710592778757,0.18918918918918926,0.2666666666666667,0.27450980392156865,0.3090909090909091,0.3220338983050848,0.35,0.35,0.35,0.35,0.35,0.4,0.41666666666666663,0.4545454545454546,0.24242424242424243,0.18181818181818188,0,0,0,0.0,0.4808206958073149,
BOOKKEEPER_RandomForest-SMOTE2.csv,0,0,0.0,0.0,0.23565983348697014,0.8006242197253431,0.0,0,0.1694915254237288,0.1864406779661017,0.23728813559322035,0.3050847457627119,0.3898305084745763,0.4067796610169492,0.4915254237288136,0.576271186440678,0.6101694915254238,0.6440677966101694,0.6440677966101694,0.6440677966101694,0.6440677966101694,0.6440677966101694,0.6949152542372882,0.7966101694915254,0.9152542372881356,0.9491525423728814,1.0,0.24065645550401804,0.1694915254237288,0.1864406779661017,0.23728813559322035,0.3050847457627119,0.3898305084745763,0.4067796610169492,0.4915254237288136,0.576271186440678,0.6101694915254238,0.6440677966101694,0.6440677966101694,0.6440677966101694,0.6440677966101694,0.6440677966101694,0.6949152542372882,0.7966101694915254,0.9152542372881356,0.9491525423728814,1.0,0.36477824362328737,0.2702702702702703,0.24444444444444435,0.27450980392156865,0.3272727272727274,0.38983050847457634,0.4,0.4833333333333334,0.5666666666666667,0.6000000000000001,0.6333333333333333,0.6333333333333333,0.6333333333333333,0.6,0.33333333333333326,0.13636363636363658,0.07142857142857129,0.33333333333333337,0.0,0.0,0.5762711864406779,
BOOKKEEPER_RandomForest3.csv,3,0.17391304347826086,0.1,0.12698412698412698,0.1257351865329878,0.7694182389937108,0.1807738814993954,0.05171780493567856,0.125,0.275,0.375,0.425,0.525,0.6,0.675,0.7,0.725,0.85,0.85,0.875,0.875,0.875,0.875,0.875,0.9,0.9,1.0,0.5864204005311082,0.125,0.275,0.375,0.425,0.525,0.6,0.675,0.7,0.725,0.85,0.85,0.875,0.875,0.875,0.875,0.875,0.9,0.9,1.0,0.6478930476661875,0.1724137931034483,0.3142857142857143,0.375,0.42500000000000004,0.525,0.6,0.675,0.7,0.725,0.85,0.85,0.875,0.875,0.875,0.875,0.7619047619047619,0.6363636363636365,0.20000000000000018,1,0.7000000000000001,
BOOKKEEPER_RandomForest2.csv,0,0,0.0,0.0,0.14340233022468218,0.8246566791510611,0.0,0,0.13559322033898305,0.22033898305084745,0.23728813559322035,0.288135593220339,0.3050847457627119,0.4067796610169492,0.4745762711864407,0.559322033898305,0.559322033898305,0.559322033898305,0.559322033898305,0.559322033898305,0.576271186440678,0.6271186440677966,0.7288135593220338,0.864406779661017,0.9152542372881356,0.9830508474576272,1.0,0.24945494176223051,0.13559322033898305,0.22033898305084745,0.23728813559322035,0.288135593220339,0.3050847457627119,0.4067796610169492,0.4745762711864407,0.559322033898305,0.559322033898305,0.559322033898305,0.559322033898305,0.559322033898305,0.576271186440678,0.6271186440677966,0.7288135593220338,0.864406779661017,0.9152542372881356,0.9830508474576272,1.0,0.38202679887362684,0.21621621621621623,0.28888888888888886,0.27450980392156865,0.3090909090909091,0.30508474576271194,0.4,0.4666666666666668,0.55,0.55,0.55,0.55,0.55,0.5272727272727273,0.3030303030303031,0.2272727272727273,0.3571428571428572,0.33333333333333337,0.5000000000000009,0.0,0.5557537912578056,
BOOKKEEPER_RandomForest-SMOTE3.csv,4,0.21875,0.175,0.19444444444444445,0.1399684146296921,0.7726415094339625,0.29413451885845404,0.10642977041956962,0.2,0.3,0.425,0.475,0.575,0.625,0.65,0.725,0.75,0.825,0.9,0.925,0.925,0.925,0.925,0.925,0.95,0.95,1.0,0.6565787509526166,0.2,0.3,0.425,0.475,0.575,0.625,0.65,0.725,0.75,0.825,0.9,0.925,0.925,0.925,0.925,0.925,0.95,0.95,1.0,0.7128444151130178,0.27586206896551735,0.34285714285714286,0.42500000000000004,0.475,0.575,0.625,0.65,0.725,0.75,0.825,0.9,0.925,0.925,0.925,0.925,0.8571428571428572,0.818181818181818,0.5999999999999996,1,0.7355263157894738,
BOOKKEEPER_Ibk-BestFirst6.csv,3,0.2857142857142857,0.07142857142857142,0.11428571428571428,0.2300012194378391,0.9696697774587222,0.13322033898305083,0.11474327891835581,0.21428571428571427,0.35714285714285715,0.39285714285714285,0.5,0.6071428571428571,0.6428571428571429,0.6785714285714286,0.6785714285714286,0.75,0.7857142857142857,0.8214285714285714,0.8928571428571429,0.9642857142857143,1.0,1.0,1.0,1.0,1.0,1.0,0.7581935608251398,0.21428571428571427,0.35714285714285715,0.39285714285714285,0.5,0.6071428571428571,0.6428571428571429,0.6785714285714286,0.6785714285714286,0.75,0.7857142857142857,0.8214285714285714,0.8928571428571429,0.9642857142857143,1.0,1.0,1.0,1.0,1.0,1.0,0.7527472527472527,0.23076923076923073,0.3571428571428572,0.3928571428571428,0.5,0.6071428571428571,0.6428571428571429,0.6785714285714286,0.6785714285714286,0.75,0.7857142857142857,0.8214285714285714,0.8928571428571429,0.9642857142857143,1.0,1.0,1.0,1.0,1.0,1,0.7518796992481203,
BOOKKEEPER_RandomForest-SMOTEBestFirst3.csv,5,0.29411764705882354,0.375,0.32967032967032966,0.18727453613488973,0.7946540880503145,0.5271028037383177,0.23596435449767897,0.2,0.3,0.425,0.45,0.55,0.6,0.65,0.7,0.8,0.825,0.925,0.925,0.95,0.95,0.95,0.95,0.95,0.975,1.0,0.6485587008273034,0.2,0.3,0.425,0.45,0.55,0.6,0.65,0.7,0.8,0.825,0.925,0.925,0.95,0.95,0.95,0.95,0.95,0.975,1.0,0.7285085755140202,0.27586206896551735,0.34285714285714286,0.42500000000000004,0.44999999999999996,0.55,0.6,0.65,0.7,0.8,0.825,0.925,0.925,0.95,0.95,0.95,0.9047619047619047,0.818181818181818,0.7999999999999998,1,0.7407894736842103,
BOOKKEEPER_Ibk-SMOTEBestFirst2.csv,62,0,0.0,0.0,0.016680567139282735,1.0,0.0,0,0.05084745762711865,0.11864406779661017,0.2033898305084746,0.3389830508474576,0.423728813559322,0.4745762711864407,0.576271186440678,0.6271186440677966,0.711864406779661,0.7627118644067796,0.8305084745762712,0.8983050847457628,0.8983050847457628,0.9661016949152542,0.9830508474576272,0.9830508474576272,0.9830508474576272,0.9830508474576272,1.0,0.3932441951699967,0.05084745762711865,0.11864406779661017,0.2033898305084746,0.3389830508474576,0.423728813559322,0.4745762711864407,0.576271186440678,0.6271186440677966,0.711864406779661,0.7627118644067796,0.8305084745762712,0.8983050847457628,0.8983050847457628,0.9661016949152542,0.9830508474576272,0.9830508474576272,0.9830508474576272,0.9830508474576272,1.0,0.57290135038469,0.08108108108108103,0.15555555555555556,0.23529411764705888,0.36363636363636365,0.423728813559322,0.4666666666666668,0.5666666666666667,0.6166666666666667,0.7,0.75,0.8166666666666667,0.8833333333333334,0.8727272727272728,0.9090909090909092,0.9090909090909094,0.8571428571428574,0.7777777777777782,0.5000000000000009,0.0,0.6743978590544156,
BOOKKEEPER_Ibk-BestFirst4.csv,5,0.36363636363636365,0.41379310344827586,0.3870967741935484,0.2926935252007707,0.9090368608799051,0.5745662200746761,0.333256245490707,0.27586206896551724,0.3448275862068966,0.4827586206896552,0.5517241379310345,0.6206896551724138,0.6551724137931034,0.7241379310344828,0.7241379310344828,0.7586206896551724,0.7931034482758621,0.8275862068965517,0.896551724137931,0.896551724137931,1.0,1.0,1.0,1.0,1.0,1.0,0.743422348975888,0.27586206896551724,0.3448275862068966,0.4827586206896552,0.5517241379310345,0.6206896551724138,0.6551724137931034,0.7241379310344828,0.7241379310344828,0.7586206896551724,0.7931034482758621,0.8275862068965517,0.896551724137931,0.896551724137931,1.0,1.0,1.0,1.0,1.0,1.0,0.7682032667876587,0.32000000000000006,0.3448275862068966,0.48275862068965525,0.5517241379310345,0.6206896551724138,0.6551724137931034,0.7241379310344828,0.7241379310344828,0.7586206896551724,0.7931034482758621,0.8275862068965517,0.896551724137931,0.896551724137931,1.0,1.0,1.0,1.0,1.0,1,0.7658802177858439,
BOOKKEEPER_RandomForest-CostSensitiveBestFirst3.csv,8,0.22321428571428573,0.625,0.32894736842105265,0.1663617016690717,0.7356132075471697,0.6719022687609075,0.23877420216049755,0.125,0.25,0.3,0.425,0.475,0.575,0.625,0.675,0.7,0.825,0.9,0.95,0.975,0.975,1.0,1.0,1.0,1.0,1.0,0.6777965682230656,0.125,0.25,0.3,0.425,0.475,0.575,0.625,0.675,0.7,0.825,0.9,0.95,0.975,0.975,1.0,1.0,1.0,1.0,1.0,0.7293751620430386,0.1724137931034483,0.2857142857142857,0.30000000000000004,0.42500000000000004,0.475,0.575,0.625,0.675,0.7,0.825,0.9,0.95,0.975,0.975,1.0,1.0,1.0,1.0,1,0.725,
BOOKKEEPER_RandomForest-CostSensitiveBestFirst2.csv,0,0,0.0,0.0,0.062135112593828194,0.8357053682896382,0.0,0,0.13559322033898305,0.22033898305084745,0.2711864406779661,0.288135593220339,0.3220338983050847,0.3728813559322034,0.4576271186440678,0.5084745762711864,0.5423728813559322,0.5423728813559322,0.5423728813559322,0.5423728813559322,0.5423728813559322,0.559322033898305,0.6779661016949152,0.7966101694915254,0.847457627118644,0.9491525423728814,1.0,0.16965875131640987,0.13559322033898305,0.22033898305084745,0.2711864406779661,0.288135593220339,0.3220338983050847,0.3728813559322034,0.4576271186440678,0.5084745762711864,0.5423728813559322,0.5423728813559322,0.5423728813559322,0.5423728813559322,0.5423728813559322,0.559322033898305,0.6779661016949152,0.7966101694915254,0.847457627118644,0.9491525423728814,1.0,0.3018431756716901,0.21621621621621623,0.28888888888888886,0.31372549019607854,0.3090909090909091,0.3220338983050848,0.3666666666666667,0.45000000000000007,0.5,0.5333333333333334,0.5333333333333334,0.5333333333333334,0.5333333333333334,0.49090909090909096,0.18181818181818177,0.09090909090909094,0.07142857142857129,0,0.0,0.0,0.5325602140945584,
BOOKKEEPER_Ibk-BestFirst5.csv,32,0,0.0,0.0,0.0103959301039593,1.0,0.0,0,0.1702127659574468,0.2553191489361702,0.3617021276595745,0.3829787234042553,0.46808510638297873,0.5319148936170213,0.574468085106383,0.6595744680851063,0.723404255319149,0.8085106382978723,0.8297872340425532,0.8936170212765957,0.9361702127659575,0.9787234042553191,1.0,1.0,1.0,1.0,1.0,0.6305239437225438,0.1702127659574468,0.2553191489361702,0.3617021276595745,0.3829787234042553,0.46808510638297873,0.5319148936170213,0.574468085106383,0.6595744680851063,0.723404255319149,0.8085106382978723,0.8297872340425532,0.8936170212765957,0.9361702127659575,0.9787234042553191,1.0,1.0,1.0,1.0,1.0,0.7181169554668865,0.21621621621621623,0.2790697674418605,0.36170212765957444,0.3829787234042553,0.46808510638297873,0.5319148936170213,0.574468085106383,0.6595744680851063,0.723404255319149,0.8085106382978723,0.8297872340425532,0.8936170212765957,0.9361702127659575,0.9787234042553191,1.0,1.0,1.0,1.0,1,0.7144456886898096,
BOOKKEEPER_Ibk-SMOTEBestFirst3.csv,2,0.18604651162790697,0.2,0.1927710843373494,0.16003262737200788,0.8696540880503145,0.32660126947489904,0.08715513182625526,0.175,0.2,0.25,0.275,0.375,0.5,0.575,0.625,0.7,0.775,0.85,0.9,0.975,1.0,1.0,1.0,1.0,1.0,1.0,0.6479890949945396,0.175,0.2,0.25,0.275,0.375,0.5,0.575,0.625,0.7,0.775,0.85,0.9,0.975,1.0,1.0,1.0,1.0,1.0,1.0,0.6984184599429608,0.2413793103448275,0.22857142857142854,0.25,0.275,0.375,0.5,0.575,0.625,0.7,0.775,0.85,0.9,0.975,1.0,1.0,1.0,1.0,1.0,1,0.6934210526315789,
BOOKKEEPER_RandomForest-CostSensitive4.csv,6,0.18269230769230768,0.6551724137931034,0.2857142857142857,0.15472122464192173,0.766052318668252,0.7018751316805956,0.2449894717530557,0.20689655172413793,0.3103448275862069,0.3793103448275862,0.4482758620689655,0.5862068965517241,0.5862068965517241,0.7586206896551724,0.7931034482758621,0.8275862068965517,0.8620689655172413,0.8620689655172413,0.896551724137931,0.896551724137931,0.896551724137931,0.896551724137931,0.896551724137931,0.896551724137931,0.9655172413793104,1.0,0.6587036556909517,0.20689655172413793,0.3103448275862069,0.3793103448275862,0.4482758620689655,0.5862068965517241,0.5862068965517241,0.7586206896551724,0.7931034482758621,0.8275862068965517,0.8620689655172413,0.8620689655172413,0.896551724137931,0.896551724137931,0.896551724137931,0.896551724137931,0.896551724137931,0.896551724137931,0.9655172413793104,1.0,0.7222245268343271,0.24,0.31034482758620685,0.3793103448275862,0.4482758620689655,0.5862068965517241,0.5862068965517241,0.7586206896551724,0.7931034482758621,0.8275862068965517,0.8620689655172413,0.8620689655172413,0.896551724137931,0.896551724137931,0.896551724137931,0.896551724137931,0.896551724137931,0.7857142857142857,0.8000000000000003,1,0.7350272232304897,
BOOKKEEPER_NaiveBayes-CostSensitiveBestFirst6.csv,1,0.5,0.14285714285714285,0.2222222222222222,0.4180964575330773,0.9778356066044508,0.24968314321926488,0.2424420956180135,0.25,0.4642857142857143,0.5357142857142857,0.5714285714285714,0.6071428571428571,0.6785714285714286,0.7857142857142857,0.7857142857142857,0.8214285714285714,0.8571428571428571,0.8928571428571429,0.9285714285714286,0.9642857142857143,1.0,1.0,1.0,1.0,1.0,1.0,0.8034991324465007,0.25,0.4642857142857143,0.5357142857142857,0.5714285714285714,0.6071428571428571,0.6785714285714286,0.7857142857142857,0.7857142857142857,0.8214285714285714,0.8571428571428571,0.8928571428571429,0.9285714285714286,0.9642857142857143,1.0,1.0,1.0,1.0,1.0,1.0,0.7980046269519953,0.2692307692307693,0.4642857142857143,0.5357142857142857,0.5714285714285714,0.6071428571428571,0.6785714285714286,0.7857142857142857,0.7857142857142857,0.8214285714285714,0.8571428571428571,0.8928571428571429,0.9285714285714286,0.9642857142857143,1.0,1.0,1.0,1.0,1.0,1,0.7969924812030074,
BOOKKEEPER_NaiveBayes-CostSensitive4.csv,2,0.5555555555555556,0.1724137931034483,0.2631578947368421,0.48174048174048173,0.9722552516845027,0.2936155684533971,0.2809003238667948,0.2413793103448276,0.4482758620689655,0.6206896551724138,0.6896551724137931,0.8275862068965517,0.8275862068965517,0.896551724137931,0.9310344827586207,0.9655172413793104,0.9655172413793104,0.9655172413793104,1.0,1.0,1.0,1.0,1.0,1.0,1.0,1.0,0.8350635208711433,0.2413793103448276,0.4482758620689655,0.6206896551724138,0.6896551724137931,0.8275862068965517,0.8275862068965517,0.896551724137931,0.9310344827586207,0.9655172413793104,0.9655172413793104,0.9655172413793104,1.0,1.0,1.0,1.0,1.0,1.0,1.0,1.0,0.8641016333938294,0.28,0.4482758620689655,0.6206896551724138,0.6896551724137931,0.8275862068965517,0.8275862068965517,0.896551724137931,0.9310344827586207,0.9655172413793104,0.9655172413793104,0.9655172413793104,1.0,1.0,1.0,1.0,1.0,1.0,1.0,1,0.8620689655172414,
BOOKKEEPER_NaiveBayes-CostSensitive5.csv,0,0.6666666666666666,0.0851063829787234,0.1509433962264151,0.5495734192814484,0.9901215805471125,0.1567948023822415,0.21123912018980207,0.23404255319148937,0.425531914893617,0.5957446808510638,0.6595744680851063,0.7446808510638298,0.8085106382978723,0.8297872340425532,0.851063829787234,0.8723404255319149,0.9361702127659575,0.9361702127659575,1.0,1.0,1.0,1.0,1.0,1.0,1.0,1.0,0.8293923757868132,0.23404255319148937,0.425531914893617,0.5957446808510638,0.6595744680851063,0.7446808510638298,0.8085106382978723,0.8297872340425532,0.851063829787234,0.8723404255319149,0.9361702127659575,0.9361702127659575,1.0,1.0,1.0,1.0,1.0,1.0,1.0,1.0,0.8419187436609765,0.29729729729729726,0.4651162790697675,0.5957446808510638,0.6595744680851063,0.7446808510638298,0.8085106382978723,0.8297872340425532,0.851063829787234,0.8723404255319149,0.9361702127659575,0.9361702127659575,1.0,1.0,1.0,1.0,1.0,1.0,1.0,1,0.8365061590145577,
BOOKKEEPER_RandomForest-CostSensitive5.csv,1,0,0.0,0.0,0.05016865737668657,0.9146598082768294,0.0,0,0.2978723404255319,0.44680851063829785,0.5957446808510638,0.723404255319149,0.7659574468085106,0.8085106382978723,0.8297872340425532,0.8936170212765957,0.8936170212765957,0.9361702127659575,0.9574468085106383,1.0,1.0,1.0,1.0,1.0,1.0,1.0,1.0,0.8460953726976279,0.2978723404255319,0.44680851063829785,0.5957446808510638,0.723404255319149,0.7659574468085106,0.8085106382978723,0.8297872340425532,0.8936170212765957,0.8936170212765957,0.9361702127659575,0.9574468085106383,1.0,1.0,1.0,1.0,1.0,1.0,1.0,1.0,0.8563687258184509,0.3783783783783784,0.4883720930232558,0.5957446808510638,0.723404255319149,0.7659574468085106,0.8085106382978723,0.8297872340425532,0.8936170212765957,0.8936170212765957,0.9361702127659575,0.9574468085106383,1.0,1.0,1.0,1.0,1.0,1.0,1.0,1,0.8499440089585665,
BOOKKEEPER_NaiveBayes-CostSensitiveBestFirst5.csv,0,0.8571428571428571,0.1276595744680851,0.2222222222222222,0.6922141119221411,0.9704231938274491,0.22634450506625095,0.3072311162805103,0.2127659574468085,0.3617021276595745,0.48936170212765956,0.5531914893617021,0.6382978723404256,0.7021276595744681,0.723404255319149,0.8085106382978723,0.851063829787234,0.8723404255319149,0.9361702127659575,0.9574468085106383,1.0,1.0,1.0,1.0,1.0,1.0,1.0,0.8238031255036906,0.2127659574468085,0.3617021276595745,0.48936170212765956,0.5531914893617021,0.6382978723404256,0.7021276595744681,0.723404255319149,0.8085106382978723,0.851063829787234,0.8723404255319149,0.9361702127659575,0.9574468085106383,1.0,1.0,1.0,1.0,1.0,1.0,1.0,0.7998702105840313,0.2702702702702702,0.39534883720930236,0.4893617021276595,0.5531914893617021,0.6382978723404256,0.7021276595744681,0.723404255319149,0.8085106382978723,0.851063829787234,0.8723404255319149,0.9361702127659575,0.9574468085106383,1.0,1.0,1.0,1.0,1.0,1.0,1,0.7950727883538634,
BOOKKEEPER_Ibk-SMOTE2.csv,84,0,0.0,0.0,0.016680567139282735,1.0,0.0,0,0.06666666666666667,0.11666666666666667,0.23333333333333334,0.3,0.3333333333333333,0.48333333333333334,0.5666666666666667,0.6333333333333333,0.7,0.7666666666666667,0.8333333333333334,0.8833333333333333,0.95,1.0,1.0,1.0,1.0,1.0,1.0,0.6393595293343418,0.06666666666666667,0.11666666666666667,0.23333333333333334,0.3,0.3333333333333333,0.48333333333333334,0.5666666666666667,0.6333333333333333,0.7,0.7666666666666667,0.8333333333333334,0.8833333333333333,0.95,1.0,1.0,1.0,1.0,1.0,1.0,0.6850816030435067,0.10810810810810811,0.15555555555555556,0.27450980392156854,0.32727272727272716,0.3389830508474577,0.4833333333333334,0.5666666666666667,0.6333333333333333,0.7,0.7666666666666667,0.8333333333333334,0.8833333333333333,0.9454545454545454,1.0,1.0,1.0,1.0,1.0,1,0.6771929824561403,
BOOKKEEPER_RandomForest-BestFirst2.csv,1,0,0.0,0.0,0.10975416021287582,0.8542446941323343,0.0,0,0.1694915254237288,0.23728813559322035,0.2711864406779661,0.2711864406779661,0.3220338983050847,0.3898305084745763,0.3898305084745763,0.3898305084745763,0.3898305084745763,0.3898305084745763,0.423728813559322,0.4406779661016949,0.559322033898305,0.6440677966101694,0.7288135593220338,0.8305084745762712,0.9152542372881356,0.9491525423728814,1.0,0.20640835524867637,0.1694915254237288,0.23728813559322035,0.2711864406779661,0.2711864406779661,0.3220338983050847,0.3898305084745763,0.3898305084745763,0.3898305084745763,0.3898305084745763,0.3898305084745763,0.423728813559322,0.4406779661016949,0.559322033898305,0.6440677966101694,0.7288135593220338,0.8305084745762712,0.9152542372881356,0.9491525423728814,1.0,0.3101069760407536,0.2702702702702703,0.3111111111111111,0.31372549019607854,0.2909090909090909,0.3220338983050848,0.3833333333333334,0.3833333333333334,0.3833333333333334,0.3833333333333334,0.3833333333333334,0.41666666666666663,0.43333333333333324,0.509090909090909,0.33333333333333326,0.2272727272727273,0.2142857142857143,0.33333333333333337,0.0,0.0,0.5111507582515611,
BOOKKEEPER_RandomForest-BestFirst3.csv,4,0.28125,0.225,0.25,0.14438281429245678,0.774292452830189,0.36216068749147456,0.16858614531386965,0.2,0.275,0.3,0.4,0.475,0.6,0.65,0.725,0.725,0.825,0.875,0.95,0.95,0.95,0.95,0.95,0.95,0.975,1.0,0.6412257131857856,0.2,0.275,0.3,0.4,0.475,0.6,0.65,0.725,0.725,0.825,0.875,0.95,0.95,0.95,0.95,0.95,0.95,0.975,1.0,0.7098995529576292,0.27586206896551735,0.3142857142857143,0.30000000000000004,0.4,0.475,0.6,0.65,0.725,0.725,0.825,0.875,0.95,0.95,0.95,0.95,0.9047619047619047,0.818181818181818,0.7999999999999998,1,0.7223684210526314,
BOOKKEEPER_NaiveBayes-CostSensitive6.csv,1,0.5,0.07142857142857142,0.125,0.4393085787451984,0.9887832017229002,0.13328845506563444,0.1706180393131142,0.17857142857142858,0.39285714285714285,0.5357142857142857,0.5714285714285714,0.6428571428571429,0.6785714285714286,0.75,0.7857142857142857,0.8214285714285714,0.8571428571428571,0.8928571428571429,0.9285714285714286,0.9642857142857143,1.0,1.0,1.0,1.0,1.0,1.0,0.8014748409485251,0.17857142857142858,0.39285714285714285,0.5357142857142857,0.5714285714285714,0.6428571428571429,0.6785714285714286,0.75,0.7857142857142857,0.8214285714285714,0.8571428571428571,0.8928571428571429,0.9285714285714286,0.9642857142857143,1.0,1.0,1.0,1.0,1.0,1.0,0.7901966454598033,0.1923076923076923,0.3928571428571428,0.5357142857142857,0.5714285714285714,0.6428571428571429,0.6785714285714286,0.75,0.7857142857142857,0.8214285714285714,0.8571428571428571,0.8928571428571429,0.9285714285714286,0.9642857142857143,1.0,1.0,1.0,1.0,1.0,1,0.7894736842105262,
BOOKKEEPER_Ibk-SMOTE3.csv,2,0.22641509433962265,0.3,0.25806451612903225,0.19431639401401368,0.8742138364779874,0.4462943071965628,0.1517495741129387,0.2,0.275,0.3,0.325,0.375,0.45,0.5,0.6,0.65,0.725,0.85,0.875,0.925,1.0,1.0,1.0,1.0,1.0,1.0,0.6623979619896133,0.2,0.275,0.3,0.325,0.375,0.45,0.5,0.6,0.65,0.725,0.85,0.875,0.925,1.0,1.0,1.0,1.0,1.0,1.0,0.6929025149079596,0.27586206896551735,0.3142857142857143,0.30000000000000004,0.32499999999999996,0.375,0.44999999999999996,0.5,0.6,0.65,0.725,0.85,0.875,0.925,1.0,1.0,1.0,1.0,1.0,1,0.6868421052631578,
BOOKKEEPER_RandomForest-CostSensitive6.csv,0,0.45454545454545453,0.17857142857142858,0.2564102564102564,0.2676664659173149,0.8636037329504672,0.30232916859478637,0.25545089580874614,0.2857142857142857,0.35714285714285715,0.39285714285714285,0.5357142857142857,0.6071428571428571,0.6428571428571429,0.6428571428571429,0.75,0.7857142857142857,0.8571428571428571,0.8928571428571429,0.9285714285714286,0.9642857142857143,1.0,1.0,1.0,1.0,1.0,1.0,0.7622903412377097,0.2857142857142857,0.35714285714285715,0.39285714285714285,0.5357142857142857,0.6071428571428571,0.6428571428571429,0.6428571428571429,0.75,0.7857142857142857,0.8571428571428571,0.8928571428571429,0.9285714285714286,0.9642857142857143,1.0,1.0,1.0,1.0,1.0,1.0,0.7718334297281665,0.3076923076923077,0.3571428571428572,0.3928571428571428,0.5357142857142857,0.6071428571428571,0.6428571428571429,0.6428571428571429,0.75,0.7857142857142857,0.8571428571428571,0.8928571428571429,0.9285714285714286,0.9642857142857143,1.0,1.0,1.0,1.0,1.0,1,0.7706766917293233,
BOOKKEEPER_NaiveBayes-CostSensitiveBestFirst4.csv,0,0.5714285714285714,0.5517241379310345,0.5614035087719298,0.44756538207495145,0.9272691240586602,0.7021943573667712,0.525642113610098,0.3793103448275862,0.4827586206896552,0.5862068965517241,0.6896551724137931,0.7586206896551724,0.8275862068965517,0.9310344827586207,0.9310344827586207,0.9655172413793104,0.9655172413793104,0.9655172413793104,1.0,1.0,1.0,1.0,1.0,1.0,1.0,1.0,0.8450090744101633,0.3793103448275862,0.4827586206896552,0.5862068965517241,0.6896551724137931,0.7586206896551724,0.8275862068965517,0.9310344827586207,0.9310344827586207,0.9655172413793104,0.9655172413793104,0.9655172413793104,1.0,1.0,1.0,1.0,1.0,1.0,1.0,1.0,0.8707078039927405,0.44000000000000006,0.48275862068965525,0.5862068965517241,0.6896551724137931,0.7586206896551724,0.8275862068965517,0.9310344827586207,0.9310344827586207,0.9655172413793104,0.9655172413793104,0.9655172413793104,1.0,1.0,1.0,1.0,1.0,1.0,1.0,1,0.867513611615245,
BOOKKEEPER_RandomForest-CostSensitive2.csv,0,0,0.0,0.0,0.09748864794736355,0.7949438202247191,0.0,0,0.13559322033898305,0.1864406779661017,0.23728813559322035,0.3389830508474576,0.4067796610169492,0.4406779661016949,0.4576271186440678,0.5084745762711864,0.576271186440678,0.5932203389830508,0.5932203389830508,0.5932203389830508,0.5932203389830508,0.5932203389830508,0.6610169491525424,0.7796610169491526,0.864406779661017,0.9491525423728814,1.0,0.19583326761528996,0.13559322033898305,0.1864406779661017,0.23728813559322035,0.3389830508474576,0.4067796610169492,0.4406779661016949,0.4576271186440678,0.5084745762711864,0.576271186440678,0.5932203389830508,0.5932203389830508,0.5932203389830508,0.5932203389830508,0.5932203389830508,0.6610169491525424,0.7796610169491526,0.864406779661017,0.9491525423728814,1.0,0.31783788539836183,0.21621621621621623,0.24444444444444435,0.27450980392156865,0.36363636363636365,0.4067796610169492,0.43333333333333324,0.45000000000000007,0.5,0.5666666666666667,0.5833333333333333,0.5833333333333333,0.5833333333333333,0.5454545454545454,0.24242424242424243,0.045454545454545636,0.0,0.0,0.0,0.0,0.5530776092774309,
BOOKKEEPER_NaiveBayes-CostSensitive2.csv,0,0.5714285714285714,0.06666666666666667,0.11940298507462686,0.4364527208229196,0.820474406991261,0.1249112845990064,0.1482373698397757,0.15,0.15,0.25,0.26666666666666666,0.31666666666666665,0.4166666666666667,0.4666666666666667,0.5333333333333333,0.6666666666666666,0.7166666666666667,0.7833333333333333,0.85,0.9166666666666666,1.0,1.0,1.0,1.0,1.0,1.0,0.6662781308502042,0.15,0.15,0.25,0.26666666666666666,0.31666666666666665,0.4166666666666667,0.4666666666666667,0.5333333333333333,0.6666666666666666,0.7166666666666667,0.7833333333333333,0.85,0.9166666666666666,1.0,1.0,1.0,1.0,1.0,1.0,0.6680383222073939,0.2432432432432433,0.20000000000000007,0.2941176470588235,0.290909090909091,0.3220338983050848,0.41666666666666674,0.4666666666666667,0.5333333333333333,0.6666666666666666,0.7166666666666667,0.7833333333333333,0.85,0.9090909090909091,1.0,1.0,1.0,1.0,1.0,1,0.6570175438596492,
BOOKKEEPER_RandomForest-BestFirst6.csv,0,0,0.0,0.0,0.19408713352375326,0.8942031586503948,0.0,0,0.25,0.39285714285714285,0.5,0.5714285714285714,0.5714285714285714,0.6071428571428571,0.6785714285714286,0.6785714285714286,0.7142857142857143,0.75,0.8214285714285714,0.9285714285714286,0.9642857142857143,1.0,1.0,1.0,1.0,1.0,1.0,0.7528918449971082,0.25,0.39285714285714285,0.5,0.5714285714285714,0.5714285714285714,0.6071428571428571,0.6785714285714286,0.6785714285714286,0.7142857142857143,0.75,0.8214285714285714,0.9285714285714286,0.9642857142857143,1.0,1.0,1.0,1.0,1.0,1.0,0.7604106419895893,0.2692307692307693,0.3928571428571428,0.5,0.5714285714285714,0.5714285714285714,0.6071428571428571,0.6785714285714286,0.6785714285714286,0.7142857142857143,0.75,0.8214285714285714,0.9285714285714286,0.9642857142857143,1.0,1.0,1.0,1.0,1.0,1,0.7593984962406015,
BOOKKEEPER_NaiveBayes-CostSensitive3.csv,12,0.0,0.0,0.0,0.023643953811551578,0.947248427672956,0.0,-0.060121085559007206,0.0,0.075,0.125,0.175,0.225,0.325,0.425,0.5,0.575,0.65,0.75,0.825,0.85,0.975,1.0,1.0,1.0,1.0,1.0,0.5679368876737297,0.0,0.075,0.125,0.175,0.225,0.325,0.425,0.5,0.575,0.65,0.75,0.825,0.85,0.975,1.0,1.0,1.0,1.0,1.0,0.6045112781954887,0.0,0.08571428571428563,0.125,0.17500000000000004,0.22499999999999998,0.32499999999999996,0.42500000000000004,0.5,0.575,0.65,0.75,0.825,0.85,0.975,1.0,1.0,1.0,1.0,1,0.6039473684210526,
BOOKKEEPER_RandomForest-CostSensitive3.csv,10,0.18085106382978725,0.425,0.2537313432835821,0.135632744851617,0.6925314465408803,0.5445965705170809,0.1309182720340058,0.075,0.175,0.275,0.4,0.475,0.55,0.65,0.675,0.7,0.775,0.825,0.875,0.95,1.0,1.0,1.0,1.0,1.0,1.0,0.6395155207768638,0.075,0.175,0.275,0.4,0.475,0.55,0.65,0.675,0.7,0.775,0.825,0.875,0.95,1.0,1.0,1.0,1.0,1.0,1.0,0.708076225045372,0.10344827586206895,0.20000000000000007,0.275,0.4,0.475,0.55,0.65,0.675,0.7,0.775,0.825,0.875,0.95,1.0,1.0,1.0,1.0,1.0,1,0.7052631578947369,
BOOKKEEPER_Ibk-SMOTE6.csv,1,0.5,0.10714285714285714,0.17647058823529413,0.3955856350222548,0.9753230437903805,0.19340623469887383,0.209460510027544,0.25,0.35714285714285715,0.39285714285714285,0.4642857142857143,0.6071428571428571,0.6428571428571429,0.6785714285714286,0.6785714285714286,0.75,0.7857142857142857,0.8214285714285714,0.8928571428571429,0.9642857142857143,1.0,1.0,1.0,1.0,1.0,1.0,0.746915365336418,0.25,0.35714285714285715,0.39285714285714285,0.4642857142857143,0.6071428571428571,0.6428571428571429,0.6785714285714286,0.6785714285714286,0.75,0.7857142857142857,0.8214285714285714,0.8928571428571429,0.9642857142857143,1.0,1.0,1.0,1.0,1.0,1.0,0.7528918449971082,0.2692307692307693,0.3571428571428572,0.3928571428571428,0.4642857142857143,0.6071428571428571,0.6428571428571429,0.6785714285714286,0.6785714285714286,0.75,0.7857142857142857,0.8214285714285714,0.8928571428571429,0.9642857142857143,1.0,1.0,1.0,1.0,1.0,1,0.7518796992481204,
BOOKKEEPER_Ibk-SMOTE4.csv,11,0.3157894736842105,0.41379310344827586,0.3582089552238806,0.25598740167097933,0.9039833531510107,0.5718514133491194,0.3001233164412193,0.27586206896551724,0.3448275862068966,0.4482758620689655,0.5172413793103449,0.5862068965517241,0.6206896551724138,0.7241379310344828,0.7241379310344828,0.7586206896551724,0.7931034482758621,0.8275862068965517,0.9310344827586207,0.9310344827586207,1.0,1.0,1.0,1.0,1.0,1.0,0.7196992481203007,0.27586206896551724,0.3448275862068966,0.4482758620689655,0.5172413793103449,0.5862068965517241,0.6206896551724138,0.7241379310344828,0.7241379310344828,0.7586206896551724,0.7931034482758621,0.8275862068965517,0.9310344827586207,0.9310344827586207,1.0,1.0,1.0,1.0,1.0,1.0,0.7645735027223232,0.32000000000000006,0.3448275862068966,0.4482758620689655,0.5172413793103449,0.5862068965517241,0.6206896551724138,0.7241379310344828,0.7241379310344828,0.7586206896551724,0.7931034482758621,0.8275862068965517,0.9310344827586207,0.9310344827586207,1.0,1.0,1.0,1.0,1.0,1,0.7622504537205081,
BOOKKEEPER_NaiveBayes-CostSensitiveBestFirst3.csv,2,0.3333333333333333,0.025,0.046511627906976744,0.16621519299296023,0.8372641509433963,0.048772958789936725,0.0646634091485423,0.1,0.125,0.225,0.275,0.275,0.35,0.4,0.475,0.55,0.65,0.775,0.825,0.875,0.975,1.0,1.0,1.0,1.0,1.0,0.5884191277566958,0.1,0.125,0.225,0.275,0.275,0.35,0.4,0.475,0.55,0.65,0.775,0.825,0.875,0.975,1.0,1.0,1.0,1.0,1.0,0.6279362198599948,0.13793103448275856,0.1428571428571429,0.22499999999999998,0.275,0.275,0.35,0.4,0.475,0.55,0.65,0.775,0.825,0.875,0.975,1.0,1.0,1.0,1.0,1,0.625,
BOOKKEEPER_RandomForest-BestFirst4.csv,0,0.32142857142857145,0.3103448275862069,0.3157894736842105,0.3492999508904499,0.8309552120491478,0.4672926694547463,0.2599008228405485,0.13793103448275862,0.3103448275862069,0.4482758620689655,0.5862068965517241,0.6551724137931034,0.6896551724137931,0.7241379310344828,0.7586206896551724,0.7586206896551724,0.7586206896551724,0.7586206896551724,0.7586206896551724,0.7586206896551724,0.7586206896551724,0.8275862068965517,0.896551724137931,0.9310344827586207,0.9655172413793104,1.0,0.6990510759657765,0.13793103448275862,0.3103448275862069,0.4482758620689655,0.5862068965517241,0.6551724137931034,0.6896551724137931,0.7241379310344828,0.7586206896551724,0.7586206896551724,0.7586206896551724,0.7586206896551724,0.7586206896551724,0.7586206896551724,0.7586206896551724,0.8275862068965517,0.896551724137931,0.9310344827586207,0.9655172413793104,1.0,0.698179932590096,0.16000000000000003,0.31034482758620685,0.4482758620689655,0.5862068965517241,0.6551724137931034,0.6896551724137931,0.7241379310344828,0.7586206896551724,0.7586206896551724,0.7586206896551724,0.7586206896551724,0.7586206896551724,0.7586206896551724,0.7586206896551724,0.8275862068965517,0.896551724137931,0.8571428571428571,0.8000000000000003,1,0.7096188747731397,
BOOKKEEPER_RandomForest-BestFirst5.csv,1,0,0.0,0.0,0.05585047555850475,0.9386836567687631,0.0,0,0.2978723404255319,0.44680851063829785,0.48936170212765956,0.5531914893617021,0.6382978723404256,0.7021276595744681,0.7021276595744681,0.723404255319149,0.7872340425531915,0.851063829787234,0.8936170212765957,0.9787234042553191,0.9787234042553191,1.0,1.0,1.0,1.0,1.0,1.0,0.7952930925143743,0.2978723404255319,0.44680851063829785,0.48936170212765956,0.5531914893617021,0.6382978723404256,0.7021276595744681,0.7021276595744681,0.723404255319149,0.7872340425531915,0.851063829787234,0.8936170212765957,0.9787234042553191,0.9787234042553191,1.0,1.0,1.0,1.0,1.0,1.0,0.7981380427277456,0.3783783783783784,0.4883720930232558,0.4893617021276595,0.5531914893617021,0.6382978723404256,0.7021276595744681,0.7021276595744681,0.723404255319149,0.7872340425531915,0.851063829787234,0.8936170212765957,0.9787234042553191,0.9787234042553191,1.0,1.0,1.0,1.0,1.0,1,0.7917133258678613,
BOOKKEEPER_NaiveBayes-CostSensitiveBestFirst2.csv,0,0.7333333333333333,0.18333333333333332,0.29333333333333333,0.6023258397410771,0.9327715355805245,0.30913073676337016,0.31147756007647126,0.16666666666666666,0.23333333333333334,0.2833333333333333,0.3333333333333333,0.38333333333333336,0.38333333333333336,0.38333333333333336,0.38333333333333336,0.4,0.4666666666666667,0.5,0.5166666666666667,0.6,0.65,0.8166666666666667,0.85,0.9333333333333333,1.0,1.0,0.40190643515930813,0.16666666666666666,0.23333333333333334,0.2833333333333333,0.3333333333333333,0.38333333333333336,0.38333333333333336,0.38333333333333336,0.38333333333333336,0.4,0.4666666666666667,0.5,0.5166666666666667,0.6,0.65,0.8166666666666667,0.85,0.9333333333333333,1.0,1.0,0.47586768737526985,0.2702702702702702,0.3111111111111112,0.33333333333333337,0.36363636363636365,0.38983050847457634,0.3833333333333333,0.3833333333333333,0.3833333333333333,0.4,0.4666666666666667,0.5,0.5166666666666667,0.5636363636363636,0.36363636363636376,0.5,0.3571428571428569,0.5555555555555558,1.0,1,0.5412280701754386,
BOOKKEEPER_Ibk-SMOTE5.csv,33,0,0.0,0.0,0.0103959301039593,1.0,0.0,0,0.1702127659574468,0.2553191489361702,0.3617021276595745,0.3829787234042553,0.46808510638297873,0.5319148936170213,0.574468085106383,0.6595744680851063,0.723404255319149,0.8085106382978723,0.8297872340425532,0.8936170212765957,0.9361702127659575,0.9787234042553191,1.0,1.0,1.0,1.0,1.0,0.6305239437225438,0.1702127659574468,0.2553191489361702,0.3617021276595745,0.3829787234042553,0.46808510638297873,0.5319148936170213,0.574468085106383,0.6595744680851063,0.723404255319149,0.8085106382978723,0.8297872340425532,0.8936170212765957,0.9361702127659575,0.9787234042553191,1.0,1.0,1.0,1.0,1.0,0.7181169554668865,0.21621621621621623,0.2790697674418605,0.36170212765957444,0.3829787234042553,0.46808510638297873,0.5319148936170213,0.574468085106383,0.6595744680851063,0.723404255319149,0.8085106382978723,0.8297872340425532,0.8936170212765957,0.9361702127659575,0.9787234042553191,1.0,1.0,1.0,1.0,1,0.7144456886898096,
BOOKKEEPER_NaiveBayes3.csv,12,0.0,0.0,0.0,0.01015744032503809,0.9591981132075472,0.0,-0.060121085559007206,0.0,0.075,0.125,0.175,0.225,0.325,0.425,0.5,0.575,0.65,0.75,0.825,0.85,0.975,1.0,1.0,1.0,1.0,1.0,0.5679368876737297,0.0,0.075,0.125,0.175,0.225,0.325,0.425,0.5,0.575,0.65,0.75,0.825,0.85,0.975,1.0,1.0,1.0,1.0,1.0,0.6045112781954887,0.0,0.08571428571428563,0.125,0.17500000000000004,0.22499999999999998,0.32499999999999996,0.42500000000000004,0.5,0.575,0.65,0.75,0.825,0.85,0.975,1.0,1.0,1.0,1.0,1,0.6039473684210526,
BOOKKEEPER_NaiveBayes-SMOTEBestFirst4.csv,0,0.6470588235294118,0.3793103448275862,0.4782608695652174,0.5281090541693577,0.9484740388426475,0.5473592317765168,0.46494781490855003,0.3448275862068966,0.5862068965517241,0.6551724137931034,0.7931034482758621,0.8275862068965517,0.8275862068965517,0.896551724137931,0.9310344827586207,0.9655172413793104,0.9655172413793104,0.9655172413793104,1.0,1.0,1.0,1.0,1.0,1.0,1.0,1.0,0.850453720508167,0.3448275862068966,0.5862068965517241,0.6551724137931034,0.7931034482758621,0.8275862068965517,0.8275862068965517,0.896551724137931,0.9310344827586207,0.9655172413793104,0.9655172413793104,0.9655172413793104,1.0,1.0,1.0,1.0,1.0,1.0,1.0,1.0,0.8849364791288566,0.4,0.5862068965517241,0.6551724137931034,0.7931034482758621,0.8275862068965517,0.8275862068965517,0.896551724137931,0.9310344827586207,0.9655172413793104,0.9655172413793104,0.9655172413793104,1.0,1.0,1.0,1.0,1.0,1.0,1.0,1,0.8820326678765881,
BOOKKEEPER_NaiveBayes-SMOTEBestFirst5.csv,0,1.0,0.0851063829787234,0.1568627450980392,0.8004392201472492,0.9881342062193127,0.1568627450980392,0.2758891072859797,0.23404255319148937,0.3404255319148936,0.48936170212765956,0.574468085106383,0.6808510638297872,0.7021276595744681,0.723404255319149,0.7872340425531915,0.8723404255319149,0.8936170212765957,0.9361702127659575,0.9574468085106383,1.0,1.0,1.0,1.0,1.0,1.0,1.0,0.8013025395509314,0.23404255319148937,0.3404255319148936,0.48936170212765956,0.574468085106383,0.6808510638297872,0.7021276595744681,0.723404255319149,0.7872340425531915,0.8723404255319149,0.8936170212765957,0.9361702127659575,0.9574468085106383,1.0,1.0,1.0,1.0,1.0,1.0,1.0,0.8045479787973082,0.29729729729729726,0.37209302325581384,0.4893617021276595,0.574468085106383,0.6808510638297872,0.7021276595744681,0.723404255319149,0.7872340425531915,0.8723404255319149,0.8936170212765957,0.9361702127659575,0.9574468085106383,1.0,1.0,1.0,1.0,1.0,1.0,1,0.799552071668533,
BOOKKEEPER_NaiveBayes2.csv,0,0.6,0.05,0.09230769230769231,0.5368104372691529,0.9590511860174781,0.0952038800071852,0.13409201532611892,0.15,0.15,0.23333333333333334,0.26666666666666666,0.31666666666666665,0.4166666666666667,0.4666666666666667,0.5333333333333333,0.6666666666666666,0.7166666666666667,0.7833333333333333,0.85,0.9166666666666666,1.0,1.0,1.0,1.0,1.0,1.0,0.6662781308502042,0.15,0.15,0.23333333333333334,0.26666666666666666,0.31666666666666665,0.4166666666666667,0.4666666666666667,0.5333333333333333,0.6666666666666666,0.7166666666666667,0.7833333333333333,0.85,0.9166666666666666,1.0,1.0,1.0,1.0,1.0,1.0,0.6670063304633278,0.2432432432432433,0.20000000000000007,0.27450980392156854,0.290909090909091,0.3220338983050848,0.41666666666666674,0.4666666666666667,0.5333333333333333,0.6666666666666666,0.7166666666666667,0.7833333333333333,0.85,0.9090909090909091,1.0,1.0,1.0,1.0,1.0,1,0.656140350877193,
BOOKKEEPER_Ibk-CostSensitive6.csv,1,0.42857142857142855,0.10714285714285714,0.17142857142857143,0.2851960246326443,0.9753230437903805,0.19335841648944868,0.18925644480131248,0.25,0.35714285714285715,0.39285714285714285,0.4642857142857143,0.6071428571428571,0.6428571428571429,0.6785714285714286,0.6785714285714286,0.75,0.7857142857142857,0.8214285714285714,0.8928571428571429,0.9642857142857143,1.0,1.0,1.0,1.0,1.0,1.0,0.746915365336418,0.25,0.35714285714285715,0.39285714285714285,0.4642857142857143,0.6071428571428571,0.6428571428571429,0.6785714285714286,0.6785714285714286,0.75,0.7857142857142857,0.8214285714285714,0.8928571428571429,0.9642857142857143,1.0,1.0,1.0,1.0,1.0,1.0,0.7528918449971082,0.2692307692307693,0.3571428571428572,0.3928571428571428,0.4642857142857143,0.6071428571428571,0.6428571428571429,0.6785714285714286,0.6785714285714286,0.75,0.7857142857142857,0.8214285714285714,0.8928571428571429,0.9642857142857143,1.0,1.0,1.0,1.0,1.0,1,0.7518796992481204,
BOOKKEEPER_NaiveBayes-BestFirst3.csv,2,0.0,0.0,0.0,0.040460470628068394,0.8652515723270442,0.0,-0.018770780344448415,0.05,0.125,0.2,0.25,0.3,0.35,0.4,0.475,0.575,0.65,0.75,0.825,0.875,0.975,1.0,1.0,1.0,1.0,1.0,0.5884191277566958,0.05,0.125,0.2,0.25,0.3,0.35,0.4,0.475,0.575,0.65,0.75,0.825,0.875,0.975,1.0,1.0,1.0,1.0,1.0,0.6229906663209749,0.06896551724137934,0.1428571428571429,0.19999999999999996,0.25,0.30000000000000004,0.35,0.4,0.475,0.575,0.65,0.75,0.825,0.875,0.975,1.0,1.0,1.0,1.0,1,0.6210526315789474,
BOOKKEEPER_Ibk-CostSensitiveBestFirst3.csv,2,0.14035087719298245,0.2,0.16494845360824742,0.13205229466075066,0.8749213836477988,0.32351172579675286,0.03953198444644036,0.175,0.2,0.25,0.275,0.4,0.5,0.575,0.625,0.7,0.8,0.85,0.9,0.975,1.0,1.0,1.0,1.0,1.0,1.0,0.6598312002576975,0.175,0.2,0.25,0.275,0.4,0.5,0.575,0.625,0.7,0.8,0.85,0.9,0.975,1.0,1.0,1.0,1.0,1.0,1.0,0.7010500388903292,0.2413793103448275,0.22857142857142854,0.25,0.275,0.4,0.5,0.575,0.625,0.7,0.8,0.85,0.9,0.975,1.0,1.0,1.0,1.0,1.0,1,0.6960526315789474,
BOOKKEEPER_Ibk-CostSensitive4.csv,9,0.16666666666666666,0.3793103448275862,0.23157894736842105,0.17298855828267592,0.9019024970273483,0.5230020283975659,0.1551486281611699,0.27586206896551724,0.3793103448275862,0.4482758620689655,0.5517241379310345,0.5517241379310345,0.5862068965517241,0.6896551724137931,0.6896551724137931,0.7241379310344828,0.7586206896551724,0.7931034482758621,0.896551724137931,0.896551724137931,1.0,1.0,1.0,1.0,1.0,1.0,0.7069950738916256,0.27586206896551724,0.3793103448275862,0.4482758620689655,0.5517241379310345,0.5517241379310345,0.5862068965517241,0.6896551724137931,0.6896551724137931,0.7241379310344828,0.7586206896551724,0.7931034482758621,0.896551724137931,0.896551724137931,1.0,1.0,1.0,1.0,1.0,1.0,0.7518693284936478,0.32000000000000006,0.3793103448275862,0.4482758620689655,0.5517241379310345,0.5517241379310345,0.5862068965517241,0.6896551724137931,0.6896551724137931,0.7241379310344828,0.7586206896551724,0.7931034482758621,0.896551724137931,0.896551724137931,1.0,1.0,1.0,1.0,1.0,1,0.7495462794918331,
BOOKKEEPER_NaiveBayes-SMOTE2.csv,0,0.6,0.05,0.09230769230769231,0.47863780182379007,0.9396379525593007,0.0952038800071852,0.13409201532611892,0.13333333333333333,0.16666666666666666,0.25,0.3,0.35,0.4,0.4666666666666667,0.5333333333333333,0.6666666666666666,0.7166666666666667,0.7833333333333333,0.85,0.9166666666666666,1.0,1.0,1.0,1.0,1.0,1.0,0.670446752046689,0.13333333333333333,0.16666666666666666,0.25,0.3,0.35,0.4,0.4666666666666667,0.5333333333333333,0.6666666666666666,0.7166666666666667,0.7833333333333333,0.85,0.9166666666666666,1.0,1.0,1.0,1.0,1.0,1.0,0.6706062416798628,0.21621621621621612,0.2222222222222222,0.2941176470588235,0.32727272727272716,0.35593220338983056,0.4,0.4666666666666667,0.5333333333333333,0.6666666666666666,0.7166666666666667,0.7833333333333333,0.85,0.9090909090909091,1.0,1.0,1.0,1.0,1.0,1,0.6596491228070175,
BOOKKEEPER_NaiveBayes-SMOTE3.csv,12,0.0,0.0,0.0,0.017150447318045083,0.9530660377358492,0.0,-0.060121085559007206,0.0,0.075,0.15,0.2,0.275,0.375,0.45,0.525,0.6,0.7,0.75,0.825,0.875,0.975,1.0,1.0,1.0,1.0,1.0,0.6783834586466164,0.0,0.075,0.15,0.2,0.275,0.375,0.45,0.525,0.6,0.7,0.75,0.825,0.875,0.975,1.0,1.0,1.0,1.0,1.0,0.6203007518796992,0.0,0.08571428571428563,0.15000000000000002,0.19999999999999996,0.275,0.375,0.44999999999999996,0.525,0.6,0.7,0.75,0.825,0.875,0.975,1.0,1.0,1.0,1.0,1,0.619736842105263,
BOOKKEEPER_NaiveBayes-SMOTEBestFirst6.csv,1,0.6666666666666666,0.14285714285714285,0.23529411764705882,0.5375769770135966,0.9867193108399138,0.24984227129337536,0.28984805711919603,0.25,0.42857142857142855,0.5357142857142857,0.5714285714285714,0.6071428571428571,0.6785714285714286,0.7857142857142857,0.7857142857142857,0.8214285714285714,0.8571428571428571,0.8928571428571429,0.9285714285714286,0.9642857142857143,1.0,1.0,1.0,1.0,1.0,1.0,0.7941006362058992,0.25,0.42857142857142855,0.5357142857142857,0.5714285714285714,0.6071428571428571,0.6785714285714286,0.7857142857142857,0.7857142857142857,0.8214285714285714,0.8571428571428571,0.8928571428571429,0.9285714285714286,0.9642857142857143,1.0,1.0,1.0,1.0,1.0,1.0,0.796124927703875,0.2692307692307693,0.4285714285714286,0.5357142857142857,0.5714285714285714,0.6071428571428571,0.6785714285714286,0.7857142857142857,0.7857142857142857,0.8214285714285714,0.8571428571428571,0.8928571428571429,0.9285714285714286,0.9642857142857143,1.0,1.0,1.0,1.0,1.0,1,0.7951127819548871,
BOOKKEEPER_Ibk-CostSensitive5.csv,33,0,0.0,0.0,0.0103959301039593,1.0,0.0,0,0.1702127659574468,0.2553191489361702,0.3617021276595745,0.3829787234042553,0.46808510638297873,0.5319148936170213,0.574468085106383,0.6595744680851063,0.723404255319149,0.8085106382978723,0.8297872340425532,0.8936170212765957,0.9361702127659575,0.9787234042553191,1.0,1.0,1.0,1.0,1.0,0.6305239437225438,0.1702127659574468,0.2553191489361702,0.3617021276595745,0.3829787234042553,0.46808510638297873,0.5319148936170213,0.574468085106383,0.6595744680851063,0.723404255319149,0.8085106382978723,0.8297872340425532,0.8936170212765957,0.9361702127659575,0.9787234042553191,1.0,1.0,1.0,1.0,1.0,0.7181169554668865,0.21621621621621623,0.2790697674418605,0.36170212765957444,0.3829787234042553,0.46808510638297873,0.5319148936170213,0.574468085106383,0.6595744680851063,0.723404255319149,0.8085106382978723,0.8297872340425532,0.8936170212765957,0.9361702127659575,0.9787234042553191,1.0,1.0,1.0,1.0,1,0.7144456886898096,
BOOKKEEPER_Ibk-CostSensitiveBestFirst2.csv,62,0,0.0,0.0,0.016680567139282735,1.0,0.0,0,0.05084745762711865,0.11864406779661017,0.2033898305084746,0.3389830508474576,0.423728813559322,0.4745762711864407,0.576271186440678,0.6271186440677966,0.711864406779661,0.7627118644067796,0.8305084745762712,0.8983050847457628,0.8983050847457628,0.9661016949152542,0.9830508474576272,0.9830508474576272,0.9830508474576272,0.9830508474576272,1.0,0.3932441951699967,0.05084745762711865,0.11864406779661017,0.2033898305084746,0.3389830508474576,0.423728813559322,0.4745762711864407,0.576271186440678,0.6271186440677966,0.711864406779661,0.7627118644067796,0.8305084745762712,0.8983050847457628,0.8983050847457628,0.9661016949152542,0.9830508474576272,0.9830508474576272,0.9830508474576272,0.9830508474576272,1.0,0.57290135038469,0.08108108108108103,0.15555555555555556,0.23529411764705888,0.36363636363636365,0.423728813559322,0.4666666666666668,0.5666666666666667,0.6166666666666667,0.7,0.75,0.8166666666666667,0.8833333333333334,0.8727272727272728,0.9090909090909092,0.9090909090909094,0.8571428571428574,0.7777777777777782,0.5000000000000009,0.0,0.6743978590544156,
BOOKKEEPER_NaiveBayes-BestFirst2.csv,0,0.75,0.15,0.25,0.6310646678870199,0.9679151061173533,0.2604834731129748,0.2856684687715714,0.13333333333333333,0.23333333333333334,0.25,0.25,0.25,0.25,0.2833333333333333,0.3333333333333333,0.4,0.4666666666666667,0.5,0.5166666666666667,0.6,0.65,0.8166666666666667,0.85,0.9333333333333333,1.0,1.0,0.40190643515930813,0.13333333333333333,0.23333333333333334,0.25,0.25,0.25,0.25,0.2833333333333333,0.3333333333333333,0.4,0.4666666666666667,0.5,0.5166666666666667,0.6,0.65,0.8166666666666667,0.85,0.9333333333333333,1.0,1.0,0.44412529869579775,0.21621621621621612,0.3111111111111112,0.2941176470588235,0.2727272727272727,0.2542372881355932,0.25,0.2833333333333333,0.33333333333333326,0.4,0.4666666666666667,0.5,0.5166666666666667,0.5636363636363636,0.36363636363636376,0.5,0.3571428571428569,0.5555555555555558,1.0,1,0.5114035087719299,
BOOKKEEPER_NaiveBayes-BestFirst6.csv,1,0.6666666666666666,0.14285714285714285,0.23529411764705882,0.5377934272300469,0.9866295764536971,0.24984227129337536,0.28984805711919603,0.25,0.4642857142857143,0.5357142857142857,0.5714285714285714,0.6071428571428571,0.6785714285714286,0.7857142857142857,0.7857142857142857,0.8214285714285714,0.8571428571428571,0.8928571428571429,0.9285714285714286,0.9642857142857143,1.0,1.0,1.0,1.0,1.0,1.0,0.8034991324465007,0.25,0.4642857142857143,0.5357142857142857,0.5714285714285714,0.6071428571428571,0.6785714285714286,0.7857142857142857,0.7857142857142857,0.8214285714285714,0.8571428571428571,0.8928571428571429,0.9285714285714286,0.9642857142857143,1.0,1.0,1.0,1.0,1.0,1.0,0.7980046269519953,0.2692307692307693,0.4642857142857143,0.5357142857142857,0.5714285714285714,0.6071428571428571,0.6785714285714286,0.7857142857142857,0.7857142857142857,0.8214285714285714,0.8571428571428571,0.8928571428571429,0.9285714285714286,0.9642857142857143,1.0,1.0,1.0,1.0,1.0,1,0.7969924812030074,
BOOKKEEPER_NaiveBayes5.csv,0,0.3333333333333333,0.02127659574468085,0.04,0.37706259677062604,0.9946223988777181,0.04166187133156865,0.059002910415831875,0.23404255319148937,0.425531914893617,0.5957446808510638,0.6595744680851063,0.7446808510638298,0.8085106382978723,0.8297872340425532,0.851063829787234,0.8723404255319149,0.9361702127659575,0.9361702127659575,1.0,1.0,1.0,1.0,1.0,1.0,1.0,1.0,0.8293923757868132,0.23404255319148937,0.425531914893617,0.5957446808510638,0.6595744680851063,0.7446808510638298,0.8085106382978723,0.8297872340425532,0.851063829787234,0.8723404255319149,0.9361702127659575,0.9361702127659575,1.0,1.0,1.0,1.0,1.0,1.0,1.0,1.0,0.8419187436609765,0.29729729729729726,0.4651162790697675,0.5957446808510638,0.6595744680851063,0.7446808510638298,0.8085106382978723,0.8297872340425532,0.851063829787234,0.8723404255319149,0.9361702127659575,0.9361702127659575,1.0,1.0,1.0,1.0,1.0,1.0,1.0,1,0.8365061590145577,
BOOKKEEPER_Ibk-CostSensitiveBestFirst6.csv,3,0.25,0.07142857142857142,0.1111111111111111,0.17134321077983047,0.9696697774587222,0.13319741760108733,0.1028740784108868,0.21428571428571427,0.35714285714285715,0.39285714285714285,0.5,0.6071428571428571,0.6428571428571429,0.6785714285714286,0.6785714285714286,0.75,0.7857142857142857,0.8214285714285714,0.8928571428571429,0.9642857142857143,1.0,1.0,1.0,1.0,1.0,1.0,0.7581935608251398,0.21428571428571427,0.35714285714285715,0.39285714285714285,0.5,0.6071428571428571,0.6428571428571429,0.6785714285714286,0.6785714285714286,0.75,0.7857142857142857,0.8214285714285714,0.8928571428571429,0.9642857142857143,1.0,1.0,1.0,1.0,1.0,1.0,0.7527472527472527,0.23076923076923073,0.3571428571428572,0.3928571428571428,0.5,0.6071428571428571,0.6428571428571429,0.6785714285714286,0.6785714285714286,0.75,0.7857142857142857,0.8214285714285714,0.8928571428571429,0.9642857142857143,1.0,1.0,1.0,1.0,1.0,1,0.7518796992481203,
BOOKKEEPER_NaiveBayes-SMOTEBestFirst2.csv,0,0.7142857142857143,0.16666666666666666,0.2702702702702703,0.6164903533127053,0.9538701622971286,0.28509485094850945,0.2900272676465843,0.13333333333333333,0.23333333333333334,0.3,0.31666666666666665,0.31666666666666665,0.31666666666666665,0.31666666666666665,0.3333333333333333,0.4166666666666667,0.4666666666666667,0.5,0.5666666666666667,0.6,0.6333333333333333,0.8166666666666667,0.8666666666666667,0.9333333333333333,1.0,1.0,0.40062185477256057,0.13333333333333333,0.23333333333333334,0.3,0.31666666666666665,0.31666666666666665,0.31666666666666665,0.31666666666666665,0.3333333333333333,0.4166666666666667,0.4666666666666667,0.5,0.5666666666666667,0.6,0.6333333333333333,0.8166666666666667,0.8666666666666667,0.9333333333333333,1.0,1.0,0.46555369975373123,0.21621621621621612,0.3111111111111112,0.3529411764705882,0.34545454545454546,0.3220338983050848,0.31666666666666665,0.31666666666666665,0.33333333333333326,0.41666666666666674,0.4666666666666667,0.5,0.5666666666666667,0.5636363636363636,0.33333333333333337,0.5,0.4285714285714286,0.5555555555555558,1.0,1,0.5298245614035088,
BOOKKEEPER_NaiveBayes-SMOTE6.csv,1,0.6,0.10714285714285714,0.18181818181818182,0.49082373026035,0.9910265613783201,0.19345383488031265,0.2349609342004645,0.17857142857142858,0.39285714285714285,0.5357142857142857,0.5714285714285714,0.6428571428571429,0.6785714285714286,0.7857142857142857,0.7857142857142857,0.8214285714285714,0.8571428571428571,0.8928571428571429,0.9285714285714286,0.9642857142857143,1.0,1.0,1.0,1.0,1.0,1.0,0.8014748409485252,0.17857142857142858,0.39285714285714285,0.5357142857142857,0.5714285714285714,0.6428571428571429,0.6785714285714286,0.7857142857142857,0.7857142857142857,0.8214285714285714,0.8571428571428571,0.8928571428571429,0.9285714285714286,0.9642857142857143,1.0,1.0,1.0,1.0,1.0,1.0,0.7920763447079235,0.1923076923076923,0.3928571428571428,0.5357142857142857,0.5714285714285714,0.6428571428571429,0.6785714285714286,0.7857142857142857,0.7857142857142857,0.8214285714285714,0.8571428571428571,0.8928571428571429,0.9285714285714286,0.9642857142857143,1.0,1.0,1.0,1.0,1.0,1,0.7913533834586466,
BOOKKEEPER_NaiveBayes-SMOTEBestFirst3.csv,1,0.0,0.0,0.0,0.10485441002200778,0.8599056603773585,0.0,-0.018770780344448415,0.05,0.125,0.225,0.275,0.3,0.375,0.4,0.475,0.55,0.675,0.775,0.825,0.875,0.975,1.0,1.0,1.0,1.0,1.0,0.6256350122956293,0.05,0.125,0.225,0.275,0.3,0.375,0.4,0.475,0.55,0.675,0.775,0.825,0.875,0.975,1.0,1.0,1.0,1.0,1.0,0.6282538242157117,0.06896551724137934,0.1428571428571429,0.22499999999999998,0.275,0.30000000000000004,0.375,0.4,0.475,0.55,0.675,0.775,0.825,0.875,0.975,1.0,1.0,1.0,1.0,1,0.6263157894736843,
BOOKKEEPER_NaiveBayes4.csv,2,0.625,0.1724137931034483,0.2702702702702703,0.46139416139416145,0.9826595323028141,0.29374201787994897,0.30284893870508567,0.2413793103448276,0.4482758620689655,0.6206896551724138,0.6896551724137931,0.8275862068965517,0.8275862068965517,0.896551724137931,0.9310344827586207,0.9655172413793104,0.9655172413793104,0.9655172413793104,1.0,1.0,1.0,1.0,1.0,1.0,1.0,1.0,0.8350635208711433,0.2413793103448276,0.4482758620689655,0.6206896551724138,0.6896551724137931,0.8275862068965517,0.8275862068965517,0.896551724137931,0.9310344827586207,0.9655172413793104,0.9655172413793104,0.9655172413793104,1.0,1.0,1.0,1.0,1.0,1.0,1.0,1.0,0.8641016333938294,0.28,0.4482758620689655,0.6206896551724138,0.6896551724137931,0.8275862068965517,0.8275862068965517,0.896551724137931,0.9310344827586207,0.9655172413793104,0.9655172413793104,0.9655172413793104,1.0,1.0,1.0,1.0,1.0,1.0,1.0,1,0.8620689655172414,
BOOKKEEPER_NaiveBayes-BestFirst5.csv,0,1.0,0.0851063829787234,0.1568627450980392,0.8155907352987645,0.9881926584054244,0.1568627450980392,0.2758891072859797,0.23404255319148937,0.3617021276595745,0.46808510638297873,0.574468085106383,0.6382978723404256,0.723404255319149,0.723404255319149,0.8085106382978723,0.851063829787234,0.8723404255319149,0.9361702127659575,0.9574468085106383,1.0,1.0,1.0,1.0,1.0,1.0,1.0,0.8238031255036906,0.23404255319148937,0.3617021276595745,0.46808510638297873,0.574468085106383,0.6382978723404256,0.723404255319149,0.723404255319149,0.8085106382978723,0.851063829787234,0.8723404255319149,0.9361702127659575,0.9574468085106383,1.0,1.0,1.0,1.0,1.0,1.0,1.0,0.8024125065193843,0.29729729729729726,0.39534883720930236,0.46808510638297873,0.574468085106383,0.6382978723404256,0.723404255319149,0.723404255319149,0.8085106382978723,0.851063829787234,0.8723404255319149,0.9361702127659575,0.9574468085106383,1.0,1.0,1.0,1.0,1.0,1.0,1,0.7973124300111982,
BOOKKEEPER_Ibk-CostSensitive2.csv,84,0,0.0,0.0,0.016680567139282735,1.0,0.0,0,0.06666666666666667,0.11666666666666667,0.23333333333333334,0.3,0.3333333333333333,0.48333333333333334,0.5666666666666667,0.6333333333333333,0.7,0.7666666666666667,0.8333333333333334,0.8833333333333333,0.95,1.0,1.0,1.0,1.0,1.0,1.0,0.6393595293343418,0.06666666666666667,0.11666666666666667,0.23333333333333334,0.3,0.3333333333333333,0.48333333333333334,0.5666666666666667,0.6333333333333333,0.7,0.7666666666666667,0.8333333333333334,0.8833333333333333,0.95,1.0,1.0,1.0,1.0,1.0,1.0,0.6850816030435067,0.10810810810810811,0.15555555555555556,0.27450980392156854,0.32727272727272716,0.3389830508474577,0.4833333333333334,0.5666666666666667,0.6333333333333333,0.7,0.7666666666666667,0.8333333333333334,0.8833333333333333,0.9454545454545454,1.0,1.0,1.0,1.0,1.0,1,0.6771929824561403,
BOOKKEEPER_NaiveBayes6.csv,1,0.3333333333333333,0.03571428571428571,0.06451612903225806,0.3999146393512591,0.9950646087580761,0.06895350861918857,0.09094414478142557,0.17857142857142858,0.39285714285714285,0.5357142857142857,0.5714285714285714,0.6428571428571429,0.6785714285714286,0.75,0.7857142857142857,0.8214285714285714,0.8571428571428571,0.8928571428571429,0.9285714285714286,0.9642857142857143,1.0,1.0,1.0,1.0,1.0,1.0,0.8014748409485251,0.17857142857142858,0.39285714285714285,0.5357142857142857,0.5714285714285714,0.6428571428571429,0.6785714285714286,0.75,0.7857142857142857,0.8214285714285714,0.8571428571428571,0.8928571428571429,0.9285714285714286,0.9642857142857143,1.0,1.0,1.0,1.0,1.0,1.0,0.7901966454598033,0.1923076923076923,0.3928571428571428,0.5357142857142857,0.5714285714285714,0.6428571428571429,0.6785714285714286,0.75,0.7857142857142857,0.8214285714285714,0.8571428571428571,0.8928571428571429,0.9285714285714286,0.9642857142857143,1.0,1.0,1.0,1.0,1.0,1,0.7894736842105262,
BOOKKEEPER_Ibk-CostSensitiveBestFirst5.csv,32,0,0.0,0.0,0.0103959301039593,1.0,0.0,0,0.1702127659574468,0.2553191489361702,0.3617021276595745,0.3829787234042553,0.46808510638297873,0.5319148936170213,0.574468085106383,0.6595744680851063,0.723404255319149,0.8085106382978723,0.8297872340425532,0.8936170212765957,0.9361702127659575,0.9787234042553191,1.0,1.0,1.0,1.0,1.0,0.6305239437225438,0.1702127659574468,0.2553191489361702,0.3617021276595745,0.3829787234042553,0.46808510638297873,0.5319148936170213,0.574468085106383,0.6595744680851063,0.723404255319149,0.8085106382978723,0.8297872340425532,0.8936170212765957,0.9361702127659575,0.9787234042553191,1.0,1.0,1.0,1.0,1.0,0.7181169554668865,0.21621621621621623,0.2790697674418605,0.36170212765957444,0.3829787234042553,0.46808510638297873,0.5319148936170213,0.574468085106383,0.6595744680851063,0.723404255319149,0.8085106382978723,0.8297872340425532,0.8936170212765957,0.9361702127659575,0.9787234042553191,1.0,1.0,1.0,1.0,1,0.7144456886898096,
BOOKKEEPER_NaiveBayes-SMOTE4.csv,2,0.5555555555555556,0.1724137931034483,0.2631578947368421,0.48224553224553224,0.9726516052318668,0.2936155684533971,0.2809003238667948,0.2413793103448276,0.4482758620689655,0.6206896551724138,0.7586206896551724,0.7931034482758621,0.8275862068965517,0.8620689655172413,0.9310344827586207,0.9655172413793104,0.9655172413793104,0.9655172413793104,1.0,1.0,1.0,1.0,1.0,1.0,1.0,1.0,0.8477676950998184,0.2413793103448276,0.4482758620689655,0.6206896551724138,0.7586206896551724,0.7931034482758621,0.8275862068965517,0.8620689655172413,0.9310344827586207,0.9655172413793104,0.9655172413793104,0.9655172413793104,1.0,1.0,1.0,1.0,1.0,1.0,1.0,1.0,0.8641016333938294,0.28,0.4482758620689655,0.6206896551724138,0.7586206896551724,0.7931034482758621,0.8275862068965517,0.8620689655172413,0.9310344827586207,0.9655172413793104,0.9655172413793104,0.9655172413793104,1.0,1.0,1.0,1.0,1.0,1.0,1.0,1,0.8620689655172414,
BOOKKEEPER_NaiveBayes-SMOTE5.csv,1,0.6,0.06382978723404255,0.11538461538461539,0.5478418175498466,0.9924012158054711,0.11996023417651606,0.16934910335144943,0.23404255319148937,0.40425531914893614,0.6170212765957447,0.6595744680851063,0.7446808510638298,0.8297872340425532,0.8297872340425532,0.851063829787234,0.8936170212765957,0.9361702127659575,0.9361702127659575,1.0,1.0,1.0,1.0,1.0,1.0,1.0,1.0,0.8271527341294784,0.23404255319148937,0.40425531914893614,0.6170212765957447,0.6595744680851063,0.7446808510638298,0.8297872340425532,0.8297872340425532,0.851063829787234,0.8936170212765957,0.9361702127659575,0.9361702127659575,1.0,1.0,1.0,1.0,1.0,1.0,1.0,1.0,0.8440542159389004,0.29729729729729726,0.44186046511627897,0.6170212765957447,0.6595744680851063,0.7446808510638298,0.8297872340425532,0.8297872340425532,0.851063829787234,0.8936170212765957,0.9361702127659575,0.9361702127659575,1.0,1.0,1.0,1.0,1.0,1.0,1.0,1,0.8387458006718925,
BOOKKEEPER_Ibk-CostSensitiveBestFirst4.csv,5,0.18181818181818182,0.41379310344827586,0.25263157894736843,0.18943252288020726,0.9090368608799051,0.5555030703826169,0.1813425523961726,0.27586206896551724,0.3448275862068966,0.4827586206896552,0.5517241379310345,0.6206896551724138,0.6551724137931034,0.7241379310344828,0.7241379310344828,0.7586206896551724,0.7931034482758621,0.8275862068965517,0.896551724137931,0.896551724137931,1.0,1.0,1.0,1.0,1.0,1.0,0.743422348975888,0.27586206896551724,0.3448275862068966,0.4827586206896552,0.5517241379310345,0.6206896551724138,0.6551724137931034,0.7241379310344828,0.7241379310344828,0.7586206896551724,0.7931034482758621,0.8275862068965517,0.896551724137931,0.896551724137931,1.0,1.0,1.0,1.0,1.0,1.0,0.7682032667876587,0.32000000000000006,0.3448275862068966,0.48275862068965525,0.5517241379310345,0.6206896551724138,0.6551724137931034,0.7241379310344828,0.7241379310344828,0.7586206896551724,0.7931034482758621,0.8275862068965517,0.896551724137931,0.896551724137931,1.0,1.0,1.0,1.0,1.0,1,0.7658802177858439,
BOOKKEEPER_Ibk-CostSensitive3.csv,2,0.17647058823529413,0.3,0.2222222222222222,0.161617744726519,0.8743710691823899,0.43984331281477335,0.09950827602881454,0.2,0.275,0.3,0.325,0.375,0.45,0.5,0.6,0.65,0.725,0.85,0.875,0.925,1.0,1.0,1.0,1.0,1.0,1.0,0.6623979619896133,0.2,0.275,0.3,0.325,0.375,0.45,0.5,0.6,0.65,0.725,0.85,0.875,0.925,1.0,1.0,1.0,1.0,1.0,1.0,0.6929025149079596,0.27586206896551735,0.3142857142857143,0.30000000000000004,0.32499999999999996,0.375,0.44999999999999996,0.5,0.6,0.65,0.725,0.85,0.875,0.925,1.0,1.0,1.0,1.0,1.0,1,0.6868421052631578,
BOOKKEEPER_NaiveBayes-BestFirst4.csv,0,0.7692307692307693,0.3448275862068966,0.47619047619047616,0.6113583386310659,0.9348989298454221,0.5116796440489433,0.49099025303098287,0.3448275862068966,0.5172413793103449,0.6551724137931034,0.7931034482758621,0.8275862068965517,0.8275862068965517,0.8620689655172413,0.9310344827586207,0.9655172413793104,0.9655172413793104,0.9655172413793104,1.0,1.0,1.0,1.0,1.0,1.0,1.0,1.0,0.8450090744101633,0.3448275862068966,0.5172413793103449,0.6551724137931034,0.7931034482758621,0.8275862068965517,0.8275862068965517,0.8620689655172413,0.9310344827586207,0.9655172413793104,0.9655172413793104,0.9655172413793104,1.0,1.0,1.0,1.0,1.0,1.0,1.0,1.0,0.8794918330308529,0.4,0.5172413793103449,0.6551724137931034,0.7931034482758621,0.8275862068965517,0.8275862068965517,0.8620689655172413,0.9310344827586207,0.9655172413793104,0.9655172413793104,0.9655172413793104,1.0,1.0,1.0,1.0,1.0,1.0,1.0,1,0.8765880217785844,
BOOKKEEPER_Ibk2.csv,84,0,0.0,0.0,0.016680567139282735,1.0,0.0,0,0.06666666666666667,0.11666666666666667,0.23333333333333334,0.3,0.3333333333333333,0.48333333333333334,0.5666666666666667,0.6333333333333333,0.7,0.7666666666666667,0.8333333333333334,0.8833333333333333,0.95,1.0,1.0,1.0,1.0,1.0,1.0,0.6393595293343418,0.06666666666666667,0.11666666666666667,0.23333333333333334,0.3,0.3333333333333333,0.48333333333333334,0.5666666666666667,0.6333333333333333,0.7,0.7666666666666667,0.8333333333333334,0.8833333333333333,0.95,1.0,1.0,1.0,1.0,1.0,1.0,0.6850816030435067,0.10810810810810811,0.15555555555555556,0.27450980392156854,0.32727272727272716,0.3389830508474577,0.4833333333333334,0.5666666666666667,0.6333333333333333,0.7,0.7666666666666667,0.8333333333333334,0.8833333333333333,0.9454545454545454,1.0,1.0,1.0,1.0,1.0,1,0.6771929824561403,
BOOKKEEPER_Ibk3.csv,2,0.2682926829268293,0.275,0.2716049382716049,0.20335506049539862,0.8743710691823899,0.42189372752696763,0.17872483682416232,0.2,0.275,0.3,0.325,0.375,0.45,0.5,0.6,0.65,0.725,0.85,0.875,0.925,1.0,1.0,1.0,1.0,1.0,1.0,0.6623979619896133,0.2,0.275,0.3,0.325,0.375,0.45,0.5,0.6,0.65,0.725,0.85,0.875,0.925,1.0,1.0,1.0,1.0,1.0,1.0,0.6929025149079596,0.27586206896551735,0.3142857142857143,0.30000000000000004,0.32499999999999996,0.375,0.44999999999999996,0.5,0.6,0.65,0.725,0.85,0.875,0.925,1.0,1.0,1.0,1.0,1.0,1,0.6868421052631578,
BOOKKEEPER_Ibk6.csv,1,0.5,0.10714285714285714,0.17647058823529413,0.3955856350222548,0.9753230437903805,0.19340623469887383,0.209460510027544,0.25,0.35714285714285715,0.39285714285714285,0.4642857142857143,0.6071428571428571,0.6428571428571429,0.6785714285714286,0.6785714285714286,0.75,0.7857142857142857,0.8214285714285714,0.8928571428571429,0.9642857142857143,1.0,1.0,1.0,1.0,1.0,1.0,0.746915365336418,0.25,0.35714285714285715,0.39285714285714285,0.4642857142857143,0.6071428571428571,0.6428571428571429,0.6785714285714286,0.6785714285714286,0.75,0.7857142857142857,0.8214285714285714,0.8928571428571429,0.9642857142857143,1.0,1.0,1.0,1.0,1.0,1.0,0.7528918449971082,0.2692307692307693,0.3571428571428572,0.3928571428571428,0.4642857142857143,0.6071428571428571,0.6428571428571429,0.6785714285714286,0.6785714285714286,0.75,0.7857142857142857,0.8214285714285714,0.8928571428571429,0.9642857142857143,1.0,1.0,1.0,1.0,1.0,1,0.7518796992481204,
BOOKKEEPER_Ibk4.csv,9,0.3235294117647059,0.3793103448275862,0.3492063492063492,0.2619092049112333,0.9019024970273483,0.5395004904549914,0.29137303411999305,0.27586206896551724,0.3793103448275862,0.4482758620689655,0.5517241379310345,0.5517241379310345,0.5862068965517241,0.6896551724137931,0.6896551724137931,0.7241379310344828,0.7586206896551724,0.7931034482758621,0.896551724137931,0.896551724137931,1.0,1.0,1.0,1.0,1.0,1.0,0.7069950738916256,0.27586206896551724,0.3793103448275862,0.4482758620689655,0.5517241379310345,0.5517241379310345,0.5862068965517241,0.6896551724137931,0.6896551724137931,0.7241379310344828,0.7586206896551724,0.7931034482758621,0.896551724137931,0.896551724137931,1.0,1.0,1.0,1.0,1.0,1.0,0.7518693284936478,0.32000000000000006,0.3793103448275862,0.4482758620689655,0.5517241379310345,0.5517241379310345,0.5862068965517241,0.6896551724137931,0.6896551724137931,0.7241379310344828,0.7586206896551724,0.7931034482758621,0.896551724137931,0.896551724137931,1.0,1.0,1.0,1.0,1.0,1,0.7495462794918331,
BOOKKEEPER_Ibk5.csv,33,0,0.0,0.0,0.0103959301039593,1.0,0.0,0,0.1702127659574468,0.2553191489361702,0.3617021276595745,0.3829787234042553,0.46808510638297873,0.5319148936170213,0.574468085106383,0.6595744680851063,0.723404255319149,0.8085106382978723,0.8297872340425532,0.8936170212765957,0.9361702127659575,0.9787234042553191,1.0,1.0,1.0,1.0,1.0,0.6305239437225438,0.1702127659574468,0.2553191489361702,0.3617021276595745,0.3829787234042553,0.46808510638297873,0.5319148936170213,0.574468085106383,0.6595744680851063,0.723404255319149,0.8085106382978723,0.8297872340425532,0.8936170212765957,0.9361702127659575,0.9787234042553191,1.0,1.0,1.0,1.0,1.0,0.7181169554668865,0.21621621621621623,0.2790697674418605,0.36170212765957444,0.3829787234042553,0.46808510638297873,0.5319148936170213,0.574468085106383,0.6595744680851063,0.723404255319149,0.8085106382978723,0.8297872340425532,0.8936170212765957,0.9361702127659575,0.9787234042553191,1.0,1.0,1.0,1.0,1,0.7144456886898096,
